Age (ka),Alkane Depth (amcd),Alkanes (ng/g)
0,0.17,80.71
6.91,0.25,50.18
8.51,0.35,46
11.39,0.53,82.42
12.99,0.63,53.41
13.63,0.67,162.31
14.27,0.71,90.02
15.55,0.79,159.59
16.19,0.83,158.03
16.83,0.87,105.75
17.47,0.91,249.96
18.75,0.99,205.33
19.71,1.05,239.01
20.67,1.11,260.39
21.95,1.19,244.62
22.91,1.25,234.07
23.87,1.31,324.33
24.19,1.33,310.26
24.51,1.35,333.29
25.47,1.41,323.83
26.11,1.45,158.71
26.75,1.49,448.16
28.35,1.59,275.69
29.95,1.69,343.16
31.55,1.79,458.04
32.19,1.83,273.6
32.83,1.87,451.25
33.15,1.89,167.45
33.79,1.93,301.77
34.43,1.97,402.3
35.39,2.03,267.19
36.67,2.11,262.76
38.27,2.21,216.58
38.59,2.23,127.2
38.91,2.25,163.26
40.19,2.33,195.38
41.79,2.43,193.28
43.71,2.55,84.29
45.63,2.67,185.29
45.95,2.69,155.57
46.27,2.71,189.08
46.59,2.73,125.59
46.91,2.75,106.14
47.23,2.77,100.4
47.55,2.79,60.58
47.87,2.81,106.74
48.51,2.85,74.94
49.47,2.91,132.8
51.06,3.01,106.46
52.34,3.09,106.21
53.94,3.19,211.17
55.22,3.27,154.2
56.58,3.35,180.07
56.92,3.37,171.89
57.26,3.39,228.9
57.61,3.41,184.21
58.29,3.45,97.09
58.63,3.47,133.04
58.97,3.49,262.77
59.31,3.51,210.47
59.65,3.53,215.77
59.99,3.55,234.48
60.34,3.57,242.58
60.68,3.59,246.76
61.02,3.61,238.01
61.36,3.63,241.56
61.7,3.65,249.32
62.04,3.67,206.73
62.72,3.71,189.86
64.09,3.79,146.01
65.8,3.89,151.87
67.63,3.99,166.85
69.77,4.09,140.22
70.62,4.13,129
72.75,4.23,47.77
74.46,4.31,45.39
74.88,4.33,58.33
75.31,4.35,52.34
76.59,4.41,37.6
77.44,4.45,49.61
77.44,4.45,48.02
77.87,4.47,58.95
78.3,4.49,33.19
78.75,4.51,58.03
79.28,4.53,61.38
79.81,4.55,44.94
81.41,4.61,106.39
83.81,4.7,37.11
87.01,4.82,27.98
89.94,4.93,34.88
93.14,5.05,25.93
96.08,5.16,120.86
99.28,5.28,40.02
102.48,5.4,37.56
105.14,5.5,36.05
105.68,5.52,55.55
106.21,5.54,118.77
106.74,5.56,88.94
107.28,5.58,75.23
107.81,5.6,107.82
108.34,5.62,59.29
108.88,5.64,100.42
109.41,5.66,107.2
109.67,5.67,103.78
110.21,5.69,117.89
110.74,5.71,163.78
111.27,5.73,115.13
111.81,5.75,100.83
112.34,5.77,114.67
112.87,5.79,60.45
113.67,5.82,54.34
114.21,5.84,88.47
114.74,5.86,38.56
115.27,5.88,53.48
115.81,5.9,164.6
116.34,5.92,91.85
116.87,5.94,60.6
117.41,5.96,42.3
117.94,5.98,51.64
118.47,6,48.33
119.01,6.02,46.94
120.07,6.06,34.75
123.54,6.19,50.26
126.21,6.29,50.67
128.87,6.39,65.25
130.47,6.45,210.52
132.34,6.52,218.65
135,6.62,132.83
137.51,6.72,106.97
139.86,6.83,139.42
141.99,6.93,185.67
142.42,6.95,305.35
144.13,7.03,173.58
146.26,7.13,142.41
148.6,7.24,170.47
150.74,7.34,148.92
152.87,7.44,144.57
155.22,7.55,208.35
157.35,7.65,223.2
159.48,7.75,140.79
161.83,7.86,130.22
163.54,7.94,162.23
165.24,8.02,87.13
166.95,8.1,89.49
168.87,8.19,154.38
170.57,8.27,158.99
172.28,8.35,155.79
174.2,8.44,225.28
174.63,8.46,185.86
175.13,8.48,212.46
175.93,8.51,202.88
176.46,8.53,183.58
177.26,8.56,173
177.8,8.58,189.06
178.6,8.61,147.49
179.13,8.63,189.85
179.93,8.66,176.72
180.46,8.68,157.69
181,8.7,399.02
181.53,8.72,250.29
182.06,8.74,164.96
182.6,8.76,148.66
183.13,8.78,321.98
183.66,8.8,236.16
184.73,8.84,245.97
185.26,8.86,273.1
185.8,8.88,223.65
186.33,8.9,253.14
186.86,8.92,187.11
187.13,8.93,197.92
187.66,8.95,324.75
188.2,8.97,171.43
188.73,8.99,396.76
189.26,9.01,156.49
190.97,9.07,79.42
193.81,9.17,146.74
196.37,9.26,64.28
199.21,9.36,38.4
202.2,9.46,60.3
205.39,9.56,80.41
208.59,9.66,26.76
212.49,9.76,39.82
217.19,9.87,66.54
221.43,9.97,138.81
224.99,10.07,207.38
228.54,10.17,93.15
232.46,10.28,55.51
233.17,10.3,71.49
236,10.38,28.93
239.2,10.48,39.73
241.12,10.54,110.51
242.4,10.58,75.8
244.32,10.64,96.24
245.49,10.68,120.7
249.76,10.83,131.26
250.9,10.87,176.8
253.46,10.96,121.87
256.3,11.06,83.46
258.86,11.18,126.2
262.51,11.39,75.11
264.04,11.48,67.76
265.41,11.56,98.93
266.95,11.65,90.43
268.82,11.76,82.53
270.53,11.86,118.33
271.21,11.9,181.76
271.55,11.92,208.85
272.24,11.96,149.32
272.92,12,160.55
273.6,12.04,238.59
273.94,12.06,155.95
274.62,12.1,181.49
275.99,12.18,252.54
277.7,12.28,138.23
279.4,12.38,60.5
281.11,12.48,25.43
282.82,12.58,19.59
284.52,12.68,17.46
286.23,12.78,21.09
287.93,12.88,28.26
289.64,12.98,40.27
291.35,13.08,85.28
293.05,13.18,100.07
294.91,13.28,93.07
295.34,13.3,51.35
297.47,13.4,66.42
299.6,13.5,37.75
301.74,13.6,38.93
304.12,13.7,24.47
306.78,13.8,89.9
309.45,13.9,24.82
312.11,14,23.6
314.78,14.1,25.29
317.45,14.2,40.22
317.98,14.22,49.39
318.52,14.24,49.1
319.05,14.26,60.66
319.59,14.28,54.93
320.13,14.3,36.73
320.66,14.32,25.51
321.2,14.34,29.66
321.74,14.36,14.94
322.27,14.38,17.24
322.81,14.4,12.97
323.34,14.42,25.14
323.88,14.44,27.34
324.42,14.46,18.47
324.95,14.48,28.6
325.49,14.5,25.9
326.02,14.52,32.14
326.56,14.54,32.18
327.1,14.56,35.68
327.65,14.58,30.72
328.21,14.6,30.89
328.77,14.62,19.64
329.33,14.64,32.48
329.89,14.66,38.37
330.44,14.68,28.23
331,14.7,52.98
331.56,14.72,78.55
332.12,14.74,76.09
332.67,14.76,102.23
333.23,14.78,130.63
333.79,14.8,114.94
334.35,14.82,125.12
334.9,14.84,128.79
335.46,14.86,209.8
336.02,14.88,251.52
336.58,14.9,220.18
337.13,14.92,249.59
337.69,14.94,172.21
338.25,14.96,234.58
338.76,14.98,225.69
339.2,15,272.98
339.65,15.02,123.92
340.09,15.04,99.68
340.54,15.06,80.33
340.99,15.08,125.56
341.43,15.1,77.2
341.88,15.12,69.75
342.33,15.14,163.35
342.77,15.16,184.69
343.22,15.18,121.81
343.66,15.2,151.02
344.08,15.22,204.09
344.5,15.24,215.04
344.92,15.26,121.55
345.33,15.28,192.32
345.75,15.3,141.14
346.17,15.32,152.72
346.59,15.34,152.27
347.01,15.36,138.06
347.43,15.38,132.1
347.8,15.4,66.44
348.17,15.42,64.33
348.54,15.44,107.19
348.91,15.46,55.89
349.28,15.48,101.82
349.66,15.5,123.56
350.03,15.52,120
350.4,15.54,105.69
350.77,15.56,108.29
351.14,15.58,114.06
351.51,15.6,87.08
351.89,15.62,93.05
352.26,15.64,100.14
352.63,15.66,0.79
353,15.68,108.72
353.37,15.7,94.51
353.75,15.72,108.14
354.12,15.74,131.57
354.49,15.76,178.05
354.86,15.78,166.69
355.23,15.8,204.31
355.6,15.82,195.39
355.98,15.84,211.6
356.35,15.86,192.57
356.72,15.88,218.97
357.09,15.9,201.85
357.46,15.92,196.35
357.83,15.94,156.8
358.21,15.96,180.53
358.58,15.98,162.26
358.95,16,106.71
359.32,16.02,80.52
359.69,16.04,102.56
360.07,16.06,77.5
360.44,16.08,95.72
360.81,16.1,85.89
361.18,16.12,99.78
361.55,16.14,81.06
361.92,16.16,104.38
362.3,16.18,75.31
362.67,16.2,77.73
363.04,16.22,76.18
363.41,16.24,93.71
363.78,16.26,45.6
364.15,16.28,91.13
364.34,16.29,61.83
364.53,16.3,74.48
364.71,16.31,56.74
364.9,16.32,82.68
365.08,16.33,59.33
365.27,16.34,84.38
365.46,16.35,68.02
365.64,16.36,74.09
365.83,16.37,62.38
366.01,16.38,56.55
366.2,16.39,59.63
366.39,16.4,42.64
366.57,16.41,45.41
366.76,16.42,83.16
367.13,16.44,65.78
367.13,16.44,86.84
367.5,16.46,53.94
367.5,16.46,74.19
367.87,16.48,92.86
367.87,16.48,60.41
368.24,16.5,90.67
368.24,16.5,50.36
368.62,16.52,56.62
368.62,16.52,46.49
368.99,16.54,65.26
368.99,16.54,63.84
369.36,16.56,77
369.73,16.58,78.88
370.1,16.6,88.5
370.47,16.62,60.1
370.85,16.64,45.32
371.22,16.66,41.88
371.59,16.68,49.14
371.96,16.7,37.08
372.33,16.72,43.18
372.7,16.74,36.65
373.08,16.76,49.1
373.63,16.79,54.84
374.01,16.81,56.55
374.38,16.83,50.78
374.75,16.85,68.4
375.12,16.87,62.15
375.49,16.89,75.83
376.24,16.93,46.94
376.61,16.95,23.66
376.98,16.97,25.38
377.35,16.99,27.98
377.72,17.01,27.09
378.12,17.03,29.69
378.54,17.05,24.73
378.96,17.07,23.69
379.38,17.09,31.11
379.8,17.11,30.98
380.42,17.14,26.12
380.84,17.16,26.12
381.26,17.18,22.86
381.68,17.2,26.27
382.1,17.22,26.38
382.51,17.24,24.01
382.93,17.26,28.15
383.77,17.3,31.15
384.19,17.32,40.86
384.61,17.34,56.63
385.02,17.36,49.61
385.44,17.38,44.01
385.86,17.4,22.75
386.28,17.42,29.83
386.7,17.44,22.88
387.11,17.46,34.1
387.74,17.49,29.16
388.16,17.51,40.23
388.58,17.53,49.08
389,17.55,60.6
389.41,17.57,82.43
389.83,17.59,89.97
390.25,17.61,119.35
390.67,17.63,115.79
391.09,17.65,114.22
391.51,17.67,55.19
391.92,17.69,42.13
392.34,17.71,42.32
392.76,17.73,18.79
393.18,17.75,16.02
393.6,17.77,22.97
394.01,17.79,21.16
394.43,17.81,18.35
394.85,17.83,20.47
395.48,17.86,14.33
395.9,17.88,17.66
396.32,17.9,16.24
396.73,17.92,13.45
397.15,17.94,21.25
397.57,17.96,9.53
397.99,17.98,12.77
398.41,18,13.67
398.82,18.02,16.5
399.24,18.04,13.26
399.66,18.06,7.94
400.08,18.08,11.14
400.5,18.1,15.51
400.92,18.12,14.54
401.33,18.14,48.21
401.75,18.16,10.02
402.17,18.18,8.55
402.59,18.2,14.12
403.22,18.23,10.54
403.63,18.25,13.43
404.05,18.27,12.37
404.47,18.29,9.89
404.89,18.31,8.11
405.31,18.33,9.97
405.73,18.35,13.33
406.14,18.37,7.1
406.56,18.39,16.28
407.4,18.43,12.22
407.82,18.45,12.55
408.23,18.47,9.54
408.65,18.49,10.32
409.07,18.51,13.75
409.49,18.53,8.51
409.91,18.55,12.15
410.32,18.57,8.22
410.95,18.6,14.2
411.79,18.64,12.13
412.21,18.66,12.58
412.62,18.68,8.33
413.04,18.7,12.43
413.46,18.72,7.73
413.88,18.74,8.74
414.3,18.76,7.85
414.72,18.78,7.51
415.13,18.8,19.67
415.34,18.81,7.74
415.76,18.83,14.28
416.18,18.85,25.63
416.6,18.87,15.64
417.02,18.89,18.23
417.43,18.91,8.86
417.85,18.93,19.93
418.27,18.95,14.81
418.69,18.97,18.42
419.11,18.99,21.6
419.32,19,23.24
419.74,19.02,22.34
420.15,19.04,32.44
420.57,19.06,35.03
420.99,19.08,45.7
421.41,19.1,29.42
421.83,19.12,56.88
422.24,19.14,84.5
422.66,19.16,54.59
423.08,19.18,144.54
423.29,19.19,64.96
423.71,19.21,150.44
424.13,19.23,50.04
424.54,19.25,140.96
424.96,19.27,144.52
425.38,19.29,170.14
425.8,19.31,237.99
426.22,19.33,143.97
426.63,19.35,126.38
427.05,19.37,187.23
427.47,19.39,138.28
427.89,19.41,69.55
428.31,19.43,230.5
428.73,19.45,55.71
429.14,19.47,355.89
429.56,19.49,177.71
429.98,19.51,250.47
430.4,19.53,77.86
430.82,19.55,156.72
431.24,19.57,356.06
431.65,19.59,113.66
432.07,19.61,231.3
432.49,19.63,289.51
432.91,19.65,247.21
433.33,19.67,431.88
433.74,19.69,246.85
434.16,19.71,202.39
434.58,19.73,290.34
435,19.75,360.88
435.42,19.77,288.67
435.84,19.79,216.56
436.25,19.81,327.41
436.67,19.83,199.51
437.09,19.85,200.93
437.51,19.87,461.41
437.93,19.89,167.54
438.35,19.91,160.88
438.76,19.93,77.77
439.18,19.95,151.83
439.6,19.97,164.45
440.02,19.99,171.86
440.44,20.01,169.49
440.85,20.03,150.89
441.27,20.05,136.52
441.69,20.07,168.39
442.11,20.09,160.85
442.53,20.11,128.48
442.95,20.13,138.22
443.36,20.15,137.46
443.78,20.17,108.79
444.2,20.19,92.59
444.62,20.21,109.41
445.04,20.23,110.15
445.45,20.25,66.39
445.87,20.27,64.37
446.29,20.29,96.8
446.71,20.31,96.64
447.13,20.33,108.5
447.54,20.35,64.26
447.96,20.37,97.44
448.38,20.39,119.89
448.8,20.41,101.61
449.22,20.43,95.34
449.64,20.45,62.71
450.05,20.47,76.78
450.47,20.49,120.03
450.89,20.51,29.92
451.31,20.53,81.94
451.73,20.55,109.5
452.15,20.57,124.39
452.56,20.59,151.12
452.98,20.61,135.21
453.4,20.63,86.9
453.82,20.65,68.65
454.24,20.67,108.47
454.66,20.69,157.75
455.07,20.71,148.36
455.49,20.73,106.51
455.91,20.75,134.96
456.33,20.77,107.58
456.75,20.79,85.33
457.16,20.81,97.33
457.58,20.83,103.06
458,20.85,66.53
458.42,20.87,98.6
458.84,20.89,88.62
459.26,20.91,72.03
459.67,20.93,113.29
460.09,20.95,137.5
460.51,20.97,171.11
461.14,21,135.34
461.77,21.03,108.49
462.18,21.05,84.03
463.86,21.13,55.02
464.69,21.17,54.91
465.11,21.19,60.44
465.53,21.21,53.36
465.74,21.22,44.14
466.15,21.24,62.97
466.57,21.26,53.53
466.99,21.28,70.82
467.2,21.29,76.84
467.62,21.31,39.17
468.04,21.33,40.61
468.25,21.34,96.23
468.66,21.36,85.11
469.08,21.38,88.36
469.5,21.4,90.87
469.92,21.42,154.01
470.34,21.44,133.73
471.38,21.49,146.21
471.8,21.51,48.61
472.22,21.53,102.45
472.64,21.55,55.95
472.85,21.56,79
473.05,21.57,41.58
473.23,21.58,81.1
473.42,21.59,66.86
473.6,21.6,36.92
473.79,21.61,93.42
473.98,21.62,99.97
474.16,21.63,40.4
474.35,21.64,64.24
474.53,21.65,70.01
474.72,21.66,38.03
474.91,21.67,59.36
475.09,21.68,48.23
475.28,21.69,68.57
475.46,21.7,34.37
475.83,21.72,72.26
475.83,21.72,88.82
476.21,21.74,105.45
476.21,21.74,56.62
476.58,21.76,129.57
476.58,21.76,67.63
476.95,21.78,132.27
476.95,21.78,90.85
477.32,21.8,56.63
477.32,21.8,72.27
477.69,21.82,107.43
477.69,21.82,116.26
478.06,21.84,75.86
478.06,21.84,23.06
478.4,21.86,113.04
478.73,21.88,115.28
479.06,21.9,60.95
479.4,21.92,27.42
479.73,21.94,19.13
480.07,21.96,27.53
480.4,21.98,31.5
480.74,22,18.58
481.07,22.02,52.46
481.41,22.04,25.76
481.74,22.06,46.85
482.08,22.08,30.81
482.41,22.1,13.58
482.74,22.12,15.32
483.08,22.14,21.9
483.41,22.16,11.73
483.75,22.18,15.52
484.08,22.2,8.79
484.75,22.24,19.1
485.09,22.26,17.1
485.42,22.28,12.05
485.76,22.3,12.64
486.09,22.32,19.75
486.43,22.34,20.55
486.76,22.36,27.43
487.09,22.38,42.13
487.43,22.4,11.85
487.76,22.42,17.1
488.1,22.44,13.79
488.43,22.46,24.06
488.77,22.48,12
489.1,22.5,26.4
489.44,22.52,18.79
490.11,22.56,23.54
490.44,22.58,11.54
491.11,22.62,5.24
491.44,22.64,10.99
491.78,22.66,9.72
492.11,22.68,14.2
492.78,22.72,6.16
493.12,22.74,8.7
493.45,22.76,9.25
493.79,22.78,15.18
494.12,22.8,5.53
494.45,22.82,8.03
494.79,22.84,10.7
495.12,22.86,7.46
495.46,22.88,8.96
495.79,22.9,6.82
496.13,22.92,13.04
496.46,22.94,14.02
497.13,22.98,13.45
497.47,23,6.83
497.8,23.02,9.07
498.13,23.04,16.92
498.47,23.06,17.58
498.8,23.08,18.18
499.47,23.12,7.58
499.81,23.14,14.74
500.14,23.16,23.67
500.48,23.18,19.2
500.81,23.2,8.11
501.1,23.22,12.58
501.38,23.24,18.49
501.66,23.26,11.49
501.94,23.28,13.98
502.2,23.3,8.47
502.42,23.32,15.67
502.64,23.34,20.11
502.87,23.36,22.4
503.09,23.38,26.79
503.31,23.4,8.55
503.54,23.42,29.19
503.76,23.44,33.09
503.98,23.46,31.22
504.2,23.48,31.54
504.43,23.5,17.34
504.65,23.52,33.85
504.87,23.54,47.98
505.1,23.56,48.57
505.32,23.58,44.11
505.54,23.6,25.48
505.77,23.62,55.18
505.99,23.64,46.9
506.21,23.66,59.48
506.43,23.68,75.02
506.66,23.7,20.08
506.88,23.72,47.09
507.1,23.74,63.27
507.33,23.76,31.41
507.55,23.78,38.93
507.77,23.8,10.73
508,23.82,34.52
508.22,23.84,35.9
508.44,23.86,42.54
508.67,23.88,33.49
508.89,23.9,22.9
509.11,23.92,45.14
509.33,23.94,51.98
509.56,23.96,54.86
509.78,23.98,38.9
510,24,20.89
510.23,24.02,41.93
510.45,24.04,34
510.67,24.06,50.93
510.9,24.08,35.81
511.12,24.1,13.12
511.34,24.12,21.36
511.56,24.14,23.82
511.79,24.16,24.21
512.01,24.18,19.08
512.23,24.2,12.38
512.46,24.22,23.08
512.68,24.24,11.42
512.9,24.26,25
513.13,24.28,16.16
513.35,24.3,13.32
513.57,24.32,18.16
513.8,24.34,22.03
514.02,24.36,17.23
514.24,24.38,20.59
514.46,24.4,8.86
514.69,24.42,24.8
514.91,24.44,20.8
515.13,24.46,17.81
515.36,24.48,16.25
515.58,24.5,11.44
515.8,24.52,24.79
516.03,24.54,21.32
516.25,24.56,20.35
516.47,24.58,17.28
516.69,24.6,9.37
516.92,24.62,21.43
517.14,24.64,18.35
517.36,24.66,25.45
517.59,24.68,23.87
517.81,24.7,9.32
518.03,24.72,24.29
518.26,24.74,20.37
518.48,24.76,23.69
518.7,24.78,18.32
518.93,24.8,9.82
519.15,24.82,15.21
519.37,24.84,18.17
519.59,24.86,19.7
519.82,24.88,19.12
520.04,24.9,14.18
520.26,24.92,19.55
520.49,24.94,14.78
520.71,24.96,16.57
520.93,24.98,23.11
521.16,25,12.88
521.38,25.02,15.54
521.6,25.04,16.51
521.82,25.06,17.65
522.05,25.08,14.03
522.27,25.1,6.38
522.49,25.12,16.5
522.72,25.14,12.59
522.94,25.16,19.48
523.16,25.18,30.82
523.39,25.2,9.07
523.61,25.22,16.43
523.83,25.24,14.17
524.06,25.26,18.03
524.28,25.28,17.74
524.5,25.3,14.78
524.72,25.32,16.65
524.95,25.34,14.29
525.17,25.36,12.59
525.39,25.38,20.94
525.62,25.4,9.88
525.84,25.42,27.33
526.06,25.44,25.09
526.29,25.46,31.09
526.51,25.48,28.54
526.73,25.5,26.22
526.95,25.52,43.14
527.18,25.54,44.99
527.4,25.56,34.06
527.62,25.58,31.37
527.85,25.6,20.28
528.07,25.62,19.21
528.29,25.64,20.49
528.52,25.66,23.52
528.74,25.68,19.5
528.96,25.7,12.46
529.19,25.72,24.87
529.41,25.74,24.51
529.63,25.76,21.16
529.85,25.78,27.1
530.08,25.8,14.78
530.3,25.82,26.45
530.52,25.84,27.85
530.75,25.86,40.75
530.97,25.88,27.64
531.19,25.9,20.99
531.42,25.92,30
531.64,25.94,28.14
531.86,25.96,27.18
532.08,25.98,27.78
532.31,26,18.68
532.53,26.02,35.07
532.75,26.04,40.02
532.98,26.06,34.39
533.2,26.08,30.35
533.42,26.1,31.13
533.65,26.12,43.22
533.87,26.14,68.49
534.09,26.16,70.69
534.32,26.18,96.79
534.32,26.18,113.71
534.54,26.2,107.76
534.54,26.2,59.73
534.76,26.22,96.78
534.87,26.23,132.92
534.98,26.24,86.53
535.1,26.25,108.47
535.21,26.26,115.31
535.32,26.27,180.02
535.43,26.28,115.94
535.54,26.29,150.61
535.65,26.3,71.1
535.77,26.31,120.25
535.88,26.32,133.35
535.99,26.33,88.05
536.1,26.34,118.67
536.21,26.35,117.66
536.32,26.36,78.33
536.43,26.37,80.18
536.55,26.38,157.17
536.66,26.39,76.76
536.77,26.4,154.6
536.99,26.42,156.26
536.99,26.42,62.71
537.21,26.44,87.69
537.44,26.46,46.92
537.67,26.48,64.46
537.95,26.5,51.15
538.23,26.52,78.77
538.5,26.54,51.42
538.8,26.56,33
539.09,26.58,25.93
539.6,26.61,41.72
539.93,26.63,50.86
540.27,26.65,36.49
540.6,26.67,25.95
540.93,26.69,30.82
541.27,26.71,34.37
541.6,26.73,19.87
541.94,26.75,43.09
542.44,26.78,24.08
542.78,26.8,56.88
543.15,26.82,41.49
543.53,26.84,50.25
543.9,26.86,29.79
544.27,26.88,29.86
544.64,26.9,40.13
545.01,26.92,35.22
545.4,26.94,39.74
546.03,26.97,44.56
546.45,26.99,26.74
546.87,27.01,56.59
547.28,27.03,47.38
547.7,27.05,57.7
548.12,27.07,53.82
548.54,27.09,48.86
548.96,27.11,72.79
549.37,27.13,100.95
550,27.16,183.63
550.42,27.18,120.78
550.84,27.2,55.85
551.26,27.22,105.09
551.67,27.24,111.13
552.09,27.26,54.11
552.51,27.28,57.32
552.93,27.3,42.22
553.56,27.33,63.45
553.98,27.35,68.83
554.39,27.37,38.94
554.81,27.39,66.84
555.23,27.41,30.88
555.65,27.43,50.48
556.07,27.45,39.66
556.48,27.47,67.66
556.9,27.49,67.59
557.53,27.52,51.39
557.95,27.54,33.52
558.37,27.56,55.59
558.79,27.58,42.93
559.2,27.6,50.12
560.04,27.64,67.19
560.46,27.66,72.32
561.09,27.69,82.07
561.5,27.71,62.36
561.92,27.73,73.24
562.34,27.75,83.43
562.76,27.77,54.72
563.18,27.79,74.51
563.59,27.81,98.85
564.01,27.83,85.42
564.43,27.85,118.54
565.06,27.88,63.94
565.48,27.9,55.18
565.89,27.92,56.59
566.31,27.94,86.46
566.73,27.96,79.03
567.15,27.98,61.15
567.57,28,67.5
567.98,28.02,53.18
568.4,28.04,57.37
569.03,28.07,103.05
569.45,28.09,66.63
569.87,28.11,103.08
570.28,28.13,56.92
570.7,28.15,56.77
571.12,28.17,26.82
571.54,28.19,36.82
571.96,28.21,42.21
572.17,28.22,41.26
572.59,28.24,24.19
572.79,28.25,21.01
573.21,28.27,23.72
573.63,28.29,13.55
573.84,28.3,29.1
574.26,28.32,21.11
574.47,28.33,25.5
574.89,28.35,24.09
575.3,28.37,18.68
575.51,28.38,16.57
575.93,28.4,18.52
576.14,28.41,25.28
576.56,28.43,41.88
576.98,28.45,44.13
577.6,28.48,29.66
577.81,28.49,34.43
578.23,28.51,40.08
578.65,28.53,28.65
578.86,28.54,50.64
579.7,28.58,131.54
580.11,28.6,82.52
580.53,28.62,74.17
580.95,28.64,78.38
581.37,28.66,73.48
581.79,28.68,80.08
582.21,28.7,40.51
582.62,28.72,43.38
583.25,28.75,43.96
583.62,28.77,67.18
584,28.79,14.24
584.37,28.81,44.49
584.74,28.83,43.2
585.11,28.85,34.05
585.48,28.87,30.69
585.86,28.89,26.75
586.23,28.91,23.58
586.6,28.93,27.34
587.16,28.96,23.37
589.39,29.08,113.87
589.76,29.1,109.55
590.13,29.12,130.6
590.5,29.14,51.27
591.06,29.17,42.57
591.8,29.21,21.98
592.17,29.23,38.84
592.55,29.25,35.56
592.92,29.27,37.95
593.29,29.29,50.38
593.66,29.31,42.15
594.03,29.33,44.98
594.41,29.35,46.94
594.96,29.38,48.89
595.71,29.42,41.08
596.08,29.44,30.67
596.45,29.46,38.86
596.82,29.48,43.74
597.19,29.5,79.04
597.57,29.52,36.35
597.94,29.54,9.54
598.31,29.56,32.66
598.87,29.59,35.29
599.61,29.63,49.86
599.98,29.65,36.2
600.35,29.67,27.86
600.73,29.69,33.73
601.1,29.71,62.23
601.47,29.73,42.55
601.84,29.75,25.61
602.21,29.77,24.22
602.77,29.8,19.89
603.14,29.82,40.27
603.51,29.84,23.04
603.88,29.86,18.63
604.26,29.88,15.92
604.63,29.9,17.44
605.37,29.94,15.31
605.74,29.96,18.2
606.12,29.98,19.33
606.53,30,12.26
607.58,30.05,16.4
608,30.07,15.84
608.42,30.09,15.39
608.84,30.11,11.86
609.25,30.13,25.7
609.67,30.15,15.37
610.1,30.17,17.87
610.33,30.18,12.72
610.77,30.2,15.8
611.22,30.22,32.02
611.44,30.23,17.32
611.89,30.25,17.5
612.33,30.27,17.53
612.78,30.29,18.99
613,30.3,34.22
613.45,30.32,19.98
613.89,30.34,23.83
614.12,30.35,20.89
614.56,30.37,22.56
615.02,30.39,50.13
615.57,30.41,26.41
615.85,30.42,31.79
616.41,30.44,54.9
616.97,30.46,33.19
617.25,30.47,65.65
618.36,30.51,88.43
618.95,30.53,86.88
619.3,30.54,101.19
620,30.56,111.21
620.69,30.58,99.04
621.04,30.59,120.58
621.74,30.61,112.84
622.44,30.63,120.45
623.13,30.65,114.57
623.48,30.66,137.03
624.18,30.68,128.16
624.88,30.7,145.57
625.23,30.71,152.02
625.92,30.73,144.02
626.62,30.75,143.9
627.32,30.77,124.69
627.66,30.78,124.99
628.36,30.8,123.9
629.06,30.82,282.62
629.41,30.83,173.66
630.1,30.85,196.57
630.8,30.87,209.81
631.49,30.89,251.98
631.77,30.9,178.95
632.33,30.92,223.81
632.89,30.94,204.93
633.44,30.96,133.49
634,30.98,99.38
634.56,31,152.48
634.84,31.01,103.78
635.4,31.03,93.25
635.95,31.05,104.8
636.51,31.07,88.14
636.96,31.09,94.43
637.41,31.11,64.81
637.63,31.12,86.7
638.08,31.14,48.76
638.52,31.16,92.41
638.97,31.18,159.67
639.42,31.2,85.76
639.86,31.22,139.2
640.31,31.24,159.55
640.53,31.25,103.01
640.98,31.27,110.4
641.42,31.29,95.97
641.87,31.31,73.47
642.32,31.33,125.4
642.76,31.35,125.94
642.98,31.36,157.29
643.43,31.38,139.3
643.88,31.4,136.11
644.32,31.42,146.55
644.77,31.44,127.11
645.21,31.46,50.71
645.44,31.47,94.53
645.88,31.49,100.84
646.33,31.51,99.96
646.78,31.53,81.46
647.22,31.55,102.09
647.67,31.57,68.02
647.89,31.58,86.52
648.34,31.6,99.2
648.78,31.62,74.01
649.23,31.64,144.23
649.68,31.66,95.26
650.12,31.68,103.28
650.57,31.7,135.73
651.01,31.72,96.29
651.46,31.74,215.77
651.9,31.76,116.66
652.52,31.79,148.95
652.94,31.81,106.69
652.94,31.81,148.43
653.36,31.83,149.56
653.36,31.83,140.14
653.78,31.85,138.15
653.78,31.85,157.37
654.2,31.87,151.2
654.41,31.88,144.4
654.61,31.89,155.7
654.82,31.9,130.51
655.03,31.91,137.02
655.24,31.92,201
655.45,31.93,111.74
655.65,31.94,110.33
655.83,31.95,110.91
656.21,31.97,129.06
656.58,31.99,115.13
656.95,32.01,147.05
657.32,32.03,151.44
657.69,32.05,125.46
658.06,32.07,145.16
658.44,32.09,216.6
658.81,32.11,208.71
659.18,32.13,194.47
659.55,32.15,147.88
659.92,32.17,213.37
660.3,32.19,215.66
660.67,32.21,176.02
661.04,32.23,130.56
661.41,32.25,127.36
661.78,32.27,146.99
662.15,32.29,155.77
662.52,32.31,238.55
662.9,32.33,119.72
663.27,32.35,156.67
663.64,32.37,115.28
664.01,32.39,121.67
664.38,32.41,203.17
664.76,32.43,225.8
665.13,32.45,175.53
665.5,32.47,197.28
665.87,32.49,142.93
666.24,32.51,191.15
666.61,32.53,194.7
666.99,32.55,140.14
667.36,32.57,138.2
667.73,32.59,193.88
668.1,32.61,172.03
668.47,32.63,144.67
668.85,32.65,150.58
669.22,32.67,158.11
669.59,32.69,168.18
669.96,32.71,271.24
670.33,32.73,139.18
670.7,32.75,142.17
671.08,32.77,134.94
671.45,32.79,115.12
671.82,32.81,255.23
672.19,32.83,165.57
672.56,32.85,121.27
672.93,32.87,111.62
673.31,32.89,116.54
673.68,32.91,160.84
674.05,32.93,139.93
674.42,32.95,170.19
674.79,32.97,204.14
675.16,32.99,195.65
675.91,33.03,194.09
676.28,33.05,168.09
676.65,33.07,144.23
677.02,33.09,146.42
677.39,33.11,186.35
677.77,33.13,124.67
678.14,33.15,140.82
678.88,33.19,148.18
679.25,33.21,161.48
679.63,33.23,142.55
680,33.25,137.35
680.37,33.27,99.09
680.74,33.29,104.25
681.11,33.31,111.14
681.48,33.33,111.75
681.86,33.35,106.6
682.23,33.37,100.17
682.6,33.39,73.93
682.97,33.41,129.75
683.34,33.43,105.12
683.71,33.45,121.01
684.09,33.47,124.45
684.46,33.49,123.56
685.2,33.53,178.09
685.57,33.55,158.62
685.95,33.57,160.52
686.32,33.59,165.59
687.06,33.63,157.2
687.43,33.65,155.92
687.8,33.67,161.65
688.17,33.69,160.4
688.92,33.73,110.24
689.29,33.75,61.45
689.66,33.77,44.04
690.03,33.79,36.57
690.41,33.81,43.11
690.78,33.83,33.97
691.15,33.85,35.68
691.52,33.87,32.93
691.89,33.89,35.35
692.26,33.91,76.5
692.64,33.93,37.57
693.01,33.95,44.56
693.38,33.97,34.06
693.75,33.99,27.42
694.12,34.01,92.41
694.5,34.03,33.41
694.87,34.05,26.6
695.24,34.07,44.89
695.61,34.09,31.81
695.98,34.11,25
696.35,34.13,15.48
696.73,34.15,36.91
697.1,34.17,27.81
697.47,34.19,33.98
697.84,34.21,27.1
698.21,34.23,29.68
698.58,34.25,24.17
698.96,34.27,38.45
699.33,34.29,15.04
699.7,34.31,26.43
700.07,34.33,27.92
700.44,34.35,17.25
700.81,34.37,28.5
701.19,34.39,27.48
701.56,34.41,28.6
701.93,34.43,28.59
702.3,34.45,30.44
702.67,34.47,19.82
703.04,34.49,34.39
703.42,34.51,43.45
703.79,34.53,25.86
704.16,34.55,41.71
704.53,34.57,42.83
704.9,34.59,24
705.28,34.61,44.33
705.65,34.63,36.55
706.02,34.65,52.33
706.39,34.67,73.27
706.76,34.69,42.43
707.13,34.71,123.65
707.51,34.73,107.74
707.88,34.75,113.62
708.25,34.77,154.8
708.62,34.79,198.92
708.99,34.81,237.69
709.36,34.83,275.87
709.74,34.85,319.7
710.11,34.87,347.32
710.48,34.89,449.76
710.85,34.91,468.44
711.22,34.93,485.42
711.6,34.95,316.67
711.97,34.97,468.23
712.34,34.99,518.32
712.71,35.01,408.98
713.08,35.03,235.93
713.45,35.05,454.55
713.82,35.07,354.39
714.2,35.09,362.83
714.57,35.11,465.49
714.94,35.13,279.12
715.31,35.15,355.83
715.68,35.17,350.44
716.06,35.19,416.22
716.43,35.21,204.09
716.85,35.23,297.87
717.68,35.27,318.77
718.1,35.29,310.6
718.52,35.31,171.42
718.94,35.33,265.04
719.36,35.35,287.41
719.77,35.37,160.85
720.19,35.39,235.79
720.61,35.41,151.38
721.03,35.43,269.2
721.45,35.45,235.59
721.87,35.47,220.66
722.28,35.49,184.07
722.7,35.51,147.87
723.12,35.53,148.45
723.54,35.55,152.17
723.96,35.57,129.45
724.37,35.59,133.55
724.79,35.61,74.83
725.21,35.63,82.63
725.63,35.65,118.66
726.05,35.67,177.55
726.47,35.69,100.51
726.88,35.71,108.22
727.3,35.73,86.17
727.72,35.75,80.04
728.14,35.77,72.01
728.56,35.79,97.69
728.97,35.81,70.54
729.39,35.83,68.82
730.23,35.87,75.73
730.65,35.89,72.03
731.07,35.91,79.54
731.48,35.93,85.23
731.9,35.95,102.27
732.32,35.97,82.9
732.74,35.99,117.11
733.16,36.01,144.69
733.57,36.03,114.29
733.99,36.05,90.11
734.41,36.07,78.51
734.83,36.09,70.56
735.25,36.11,80.47
735.67,36.13,82.05
736.08,36.15,82.8
736.29,36.16,78.51
736.5,36.17,81.34
736.71,36.18,80.03
736.92,36.19,93.19
737.13,36.2,153.82
737.34,36.21,74.14
737.55,36.22,88.65
737.76,36.23,96.36
737.97,36.24,100.73
738.38,36.26,112.86
738.59,36.27,117.44
739.01,36.29,128.36
739.01,36.29,143.18
739.43,36.31,147.01
739.43,36.31,98.07
739.85,36.33,154.6
740.06,36.34,164
740.27,36.35,122.94
740.68,36.37,116.98
740.68,36.37,231.01
741.31,36.4,209.47
741.52,36.41,127.54
741.73,36.42,208.49
741.94,36.43,187.28
742.36,36.45,196.01
742.36,36.45,197.12
742.78,36.47,125.9
742.99,36.48,250.16
743.19,36.49,220.03
743.4,36.5,161.03
743.61,36.51,212.33
744.03,36.53,190.36
744.03,36.53,166.2
744.45,36.55,212.17
744.66,36.56,180.61
744.87,36.57,174.81
745.08,36.58,196.43
745.28,36.59,246.93
745.7,36.61,190.14
745.7,36.61,209.64
746.12,36.63,233.84
746.12,36.63,314.44
746.54,36.65,199.01
746.96,36.67,207.82
747.37,36.69,180.91
748,36.72,273.43
748.42,36.74,234.73
748.84,36.76,220.9
749.26,36.78,124.08
749.68,36.8,121.61
750.09,36.82,160.33
750.51,36.84,150.98
750.93,36.86,254.44
751.35,36.88,212.4
751.98,36.91,169.75
752.39,36.93,227.5
752.81,36.95,167.66
753.23,36.97,255.99
753.65,36.99,171.48
754.07,37.01,247.63
754.49,37.03,156.66
754.9,37.05,123.88
755.32,37.07,135.43
755.74,37.09,60.66
756.16,37.11,164.53
756.37,37.12,68.35
756.79,37.14,158.38
756.99,37.15,273.09
757.41,37.17,346.51
757.83,37.19,367.95
758.04,37.2,314.22
758.46,37.22,326.08
758.88,37.24,283.5
759.09,37.25,122.16
759.5,37.27,270.84
759.71,37.28,259.54
760.13,37.3,218.38
760.55,37.32,200.55
760.76,37.33,234.58
761.18,37.35,248.97
761.8,37.38,224.71
762.43,37.41,146.36
763.06,37.44,345.97
763.69,37.47,177.3
764.31,37.5,168.18
764.73,37.52,206.72
766.61,37.61,143.16
767.24,37.64,141.48
767.87,37.67,123.17
768.49,37.7,189.71
769.12,37.73,137.45
769.54,37.75,58.87
770.17,37.78,120.92
770.59,37.8,92.51
771,37.82,69.8
771.42,37.84,61.91
771.84,37.86,64.59
772.26,37.88,70.8
772.68,37.9,59.75
773.1,37.92,54.34
773.74,37.95,65.29
774.18,37.97,57.99
774.63,37.99,29.34
775.08,38.01,41.32
775.52,38.03,36.56
775.97,38.05,31.23
776.42,38.07,28.67
776.86,38.09,39.24
777.53,38.12,30.7
777.98,38.14,67.53
778.42,38.16,26.66
778.95,38.18,33.4
779.51,38.2,31.56
780.12,38.22,33.58
780.82,38.24,19.62
781.52,38.26,34.08
782.56,38.29,35.81
783.26,38.31,65.68
783.96,38.33,38.94
785.35,38.37,34.99
786.05,38.39,36.6
786.75,38.41,46.2
787.44,38.43,70.97
788.49,38.46,106.54
789.19,38.48,116.03
789.88,38.5,161.37
790.58,38.52,93.74
791.28,38.54,87.85
791.97,38.56,116.09
792.64,38.58,135.1
793.19,38.6,122.15
793.98,38.63,144.38
794.42,38.65,136.66
794.87,38.67,120.41
795.32,38.69,140.11
795.76,38.71,208.29
796.21,38.73,194.68
796.65,38.75,263.99
797.1,38.77,253.23
797.55,38.79,316.85
797.99,38.81,208.13
798.44,38.83,215.33
798.88,38.85,203.11
799.3,38.87,232.31
799.72,38.89,308.62
799.93,38.9,219.93
800.35,38.92,80.26
800.76,38.94,211.74
801.18,38.96,206.31
801.6,38.98,222.29
802.02,39,272.75
802.44,39.02,199.19
802.83,39.04,196.5
803.2,39.06,156.43
803.57,39.08,185.97
803.95,39.1,326.25
804.32,39.12,566.62
804.69,39.14,201.48
805.06,39.16,217.87
805.43,39.18,176.13
805.8,39.2,150.14
806.18,39.22,153.36
806.55,39.24,168.05
806.92,39.26,214.04
807.29,39.28,135.44
807.66,39.3,115.01
808.04,39.32,124.42
808.41,39.34,140.61
808.78,39.36,107.37
809.15,39.38,104.01
809.52,39.4,124.99
809.9,39.42,113.09
810.27,39.44,119.8
810.64,39.46,117.47
811.01,39.48,109.96
811.38,39.5,239.23
811.75,39.52,266.22
812.12,39.54,91.91
812.5,39.56,96.98
812.87,39.58,148.4
813.24,39.6,148.32
813.61,39.62,122.13
813.98,39.64,208.58
814.36,39.66,165.79
814.73,39.68,163.29
815.1,39.7,92.47
815.47,39.72,107.41
815.84,39.74,233.54
816.21,39.76,185.94
816.59,39.78,85.95
816.96,39.8,222.56
817.33,39.82,192.67
817.7,39.84,108.41
818.07,39.86,195.13
818.44,39.88,166.1
818.82,39.9,163.41
819.19,39.92,134.4
819.56,39.94,100.27
819.93,39.96,110.26
820.3,39.98,65.58
820.71,40,55.49
821.13,40.02,64.32
821.55,40.04,66.65
821.96,40.06,49.22
822.38,40.08,55.78
822.8,40.1,79.8
823.22,40.12,71.69
823.64,40.14,69.12
824.06,40.16,66.54
824.49,40.18,62.54
824.94,40.2,48.19
825.38,40.22,71.44
825.83,40.24,83.03
826.28,40.26,50.12
826.72,40.28,128.32
827.17,40.3,73.81
827.61,40.32,82.08
828.06,40.34,145.22
828.51,40.36,94.79
828.95,40.38,107.19
829.43,40.4,82.12
829.99,40.42,49.77
830.55,40.44,97.69
831.1,40.46,88.96
831.66,40.48,56.54
832.22,40.5,58.04
832.78,40.52,89.7
833.33,40.54,93.91
833.89,40.56,53.75
834.45,40.58,108.2
835.01,40.6,72.09
835.56,40.62,116.23
836.12,40.64,51.08
836.68,40.66,45.11
837.24,40.68,34.06
838.07,40.71,47.65
838.63,40.73,141.6
839.19,40.75,75.6
839.75,40.77,189.12
840.3,40.79,60.53
840.86,40.81,195.37
841.42,40.83,58.78
841.98,40.85,41.78
842.53,40.87,42.63
843.09,40.89,41.9
843.65,40.91,40.9
844.21,40.93,42.56
845.32,40.97,38.91
845.88,40.99,36.22
846.44,41.01,18.2
847.55,41.05,36.42
848.11,41.07,35.66
848.67,41.09,21.81
849.23,41.11,17.5
849.78,41.13,15.79
850.34,41.15,120.94
851.46,41.19,77.94
852.01,41.21,63.19
852.57,41.23,51.72
853.13,41.25,38.64
853.69,41.27,43.53
854.24,41.29,30.36
854.8,41.31,37.4
855.36,41.33,25.79
855.92,41.35,26.04
856.47,41.37,28.57
857.03,41.39,38.09
857.59,41.41,32.65
858.15,41.43,48.16
858.7,41.45,17.62
859.26,41.47,51.09
859.82,41.49,16.68
860.66,41.52,33.57
861.21,41.54,46.77
861.77,41.56,35.52
862.33,41.58,95.05
862.89,41.6,50
863.44,41.62,56.46
864,41.64,62.77
864.56,41.66,95.56
865.12,41.68,148.38
865.68,41.7,58.87
866.23,41.72,77.94
866.79,41.74,101.76
867.35,41.76,104.32
867.91,41.78,84.54
868.46,41.8,199.84
869.02,41.82,100.34
870.69,41.88,100.97
871.53,41.91,177.57
872.09,41.93,138.1
873.2,41.97,162.82
873.76,41.99,197.81
874.32,42.01,228.22
874.88,42.03,122.01
875.99,42.07,223.78
876.55,42.09,273.48
877.1,42.11,216.03
877.62,42.13,247.85
878.29,42.16,206.59
878.74,42.18,254.1
879.18,42.2,263.89
879.63,42.22,225.82
880.52,42.26,215.15
880.97,42.28,289.89
881.86,42.32,159.26
882.75,42.36,242.91
882.97,42.37,168.82
883.42,42.39,256.11
883.87,42.41,254.31
884.76,42.45,216
885.2,42.47,385.29
885.65,42.49,448.88
886.1,42.51,247.37
886.99,42.55,397.48
887.43,42.57,272.1
887.88,42.59,277.23
888.33,42.61,415.98
889,42.64,220.66
889.44,42.66,204.48
889.89,42.68,356.22
890.33,42.7,241.22
891.23,42.74,299.61
891.67,42.76,231.45
892.12,42.78,375.12
892.56,42.8,355.5
893.46,42.84,259
893.68,42.85,210.41
894.13,42.87,315.56
894.57,42.89,231.32
895.46,42.93,222.14
895.91,42.95,180.47
896.36,42.97,232.58
896.8,42.99,231.08
897.69,43.03,142.9
898.14,43.05,117.13
898.59,43.07,145.07
898.81,43.08,65.25
899.7,43.12,72.33
900.15,43.14,104.16
900.59,43.16,73.6
901.04,43.18,106.17
901.93,43.22,76.57
902.38,43.24,73.32
902.82,43.26,168.84
903.27,43.28,69.93
903.94,43.31,73.52
904.39,43.33,92.07
904.83,43.35,91.43
905.28,43.37,127.9
906.17,43.41,165.85
906.62,43.43,129.78
907.06,43.45,107.75
907.51,43.47,91.65
908.4,43.51,165.89
908.85,43.53,81.59
909.29,43.55,116.61
909.52,43.56,65.18
910.41,43.6,53.15
910.85,43.62,71.08
911.3,43.64,66.1
911.75,43.66,76.39
912.64,43.7,122.17
913.08,43.72,114.34
913.53,43.74,260.46
913.98,43.76,120.18
914.87,43.8,114.3
915.32,43.82,259.58
915.76,43.84,299.31
916.21,43.86,305.26
917.1,43.9,381.97
917.55,43.92,260.66
917.99,43.94,248.05
918.44,43.96,236.12
919.33,44,329.04
919.78,44.02,263.83
920.22,44.04,312.76
920.67,44.06,195.7
921.56,44.1,204.62
922.01,44.12,283.44
922.45,44.14,163.46
922.9,44.16,380.81
924.24,44.21,359.87
924.8,44.23,220.1
925.36,44.25,206.78
925.92,44.27,204.99
927.03,44.31,480.76
927.59,44.33,362.17
928.15,44.35,197.07
928.7,44.37,162.81
929.82,44.41,171.98
930.38,44.43,214.19
930.93,44.45,250.54
931.49,44.47,463.21
932.61,44.51,255.05
933.16,44.53,207.99
933.72,44.55,230.7
934.28,44.57,240.31
935.39,44.61,182.17
935.95,44.63,94.96
936.79,44.66,86.74
937.35,44.68,94.47
938.46,44.72,123.26
939.02,44.74,131.96
939.58,44.76,92.78
940.13,44.78,53.89
941.25,44.82,53.63
941.81,44.84,50.75
942.36,44.86,51.67
942.92,44.88,51.09
944.04,44.92,52.63
944.6,44.94,42.37
945.15,44.96,54.49
945.71,44.98,30.66
946.83,45.02,35.01
947.38,45.04,18.89
947.94,45.06,22.28
948.78,45.09,21.1
949.89,45.13,61.37
950.45,45.15,30.03
951.01,45.17,24.65
951.57,45.19,24.32
952.68,45.23,42.1
953.24,45.25,28.6
953.8,45.27,21.9
955.47,45.33,31.72
956.03,45.35,99.21
956.58,45.37,26.61
957.14,45.39,89.66
957.42,45.4,53.76
957.98,45.42,90.94
958.26,45.43,29.02
958.54,45.44,94.07
958.81,45.45,60.49
959.09,45.46,22.46
959.37,45.47,22.74
959.65,45.48,26.47
960.21,45.5,23.78
960.21,45.5,26.14
960.76,45.52,33.14
961.32,45.54,21.73
961.32,45.54,40.67
961.88,45.56,57.66
962.29,45.58,48.38
963.51,45.64,92.1
963.92,45.66,104.93
964.33,45.68,137.56
965.15,45.72,189.36
965.55,45.74,200.85
965.96,45.76,188.99
967.19,45.82,158.14
968,45.86,134.7
970.04,45.96,147.94
972.08,46.06,84.83
974.12,46.16,84.64
976.16,46.26,20.71
978.21,46.36,61.54
980.25,46.46,112.21
982.29,46.56,55.65
984.33,46.66,73.58
985.96,46.74,104.56
987.59,46.82,144.14
989.25,46.92,73.54
990.2,46.98,74.89
991.76,47.08,68.24
993.02,47.16,40.31
994.27,47.24,34.84
995.53,47.32,42.49
996.47,47.38,24.54
998.04,47.48,29.76
1001.18,47.68,56.36
1004.46,47.88,181.41
1006.76,47.98,75.28
1011.35,48.18,54.29
1013.65,48.28,154.92
1018.25,48.48,36.79
1020.55,48.58,80.56
1022.85,48.68,123.04
1025.14,48.78,21.17
1034.57,49.19,53.42
1038.67,49.37,81.53
1042.14,49.53,42.43
1045.62,49.69,62.56
1048.88,49.84,61.12
1052.36,50,155.47
1059.31,50.32,247.82
1062.57,50.47,96.12
1066.49,50.65,29.61
1070.18,50.82,26.41
1072.14,50.91,26.8
1073.88,50.99,41.45
1081.26,51.33,24.43
1085.61,51.53,30.31
1089.96,51.73,64.63
1094.31,51.93,119.11
1098.71,52.13,366.32
1103.46,52.33,115.16
1108.2,52.53,43.64
1112.95,52.73,44.53
1117.69,52.93,65.69
1122.44,53.13,163.96
1127.22,53.33,214.81
1132.08,53.53,210.53
1136.95,53.73,263.06
1141.81,53.93,20.58
1146.68,54.13,83.79
1149.11,54.23,78.13
1156.41,54.53,51.23
1161.27,54.73,64.39
1166.14,54.93,35.48
1171,55.13,20.62
1175.86,55.33,60.87
1180.73,55.53,24.57
1185.59,55.73,50.67
1190.46,55.93,31.21
1195.32,56.13,49.57
1199.79,56.33,35.8
1203.76,56.53,121.64
1207.74,56.73,99.24
1211.71,56.93,26.5
1215.69,57.13,148.32
1219.66,57.33,215.52
1223.64,57.53,268.75
1227.61,57.73,201.53
1231.59,57.93,32.94
1231.98,57.95,29.93
1234.57,58.08,31.89
1236.56,58.18,30.53
1238.54,58.28,26.71
1240.53,58.38,30.55
1244.51,58.58,149.97
1247.09,58.71,180.19
1248.66,58.79,249.4
1252.53,58.99,321.23
1256.6,59.2,221.7
1260.86,59.42,455.98
1265.12,59.64,265.55
1269.19,59.85,47.66
1273.45,60.07,33.04
1277.32,60.27,30.85
1280.61,60.44,53.81
1284.1,60.62,124.73
1287.78,60.81,184.18
1291.67,60.99,361.41
1296.28,61.17,446.11
1301.15,61.36,69.96
1305.76,61.54,52.06
1308.58,61.65,33.86
1310.63,61.73,37.88
1315.24,61.91,50.03
1319.85,62.09,39.31
1324.72,62.28,57.17
1329.33,62.46,136.37
1333.94,62.64,385.44
1339.08,62.92,206.98
1341.24,63.06,166
1341.7,63.09,173.84
1344.94,63.3,81.78
1348.03,63.5,25.9
1351.11,63.7,36.65
1354.2,63.9,38.26
1357.29,64.1,14.71
1360.37,64.3,34.79
1363.46,64.5,28.17
1365.31,64.62,38.5
1366.54,64.7,54.14
1369.63,64.9,115.7
1372.89,65.1,181.97
1374.81,65.2,252.09
1378.06,65.37,78.07
1379.98,65.47,162.09
1383.82,65.67,20.76
1387.65,65.87,31.24
1389.95,65.99,20.82
1391.49,66.07,24.64
1395.32,66.27,60.04
1399.15,66.47,38.59
1402.99,66.67,46.36
1406.82,66.87,187.16
1410.66,67.07,188.26
1422.23,67.47,62.95
1422.85,67.49,49.96
1428.42,67.67,26.24
1434.62,67.87,17.87
1440.82,68.07,19.49
1447.01,68.27,22.97
1453.21,68.47,107.81
1458.28,68.67,109.93
1462.41,68.87,207.33
1464.9,68.99,163.7
1466.55,69.07,161.52
1470.69,69.27,178.42
1474.83,69.47,53.92
1478.97,69.67,57.68
1483.11,69.87,18.34
1487.24,70.07,21.13
1489.31,70.17,27.24
1491.18,70.26,44.65
1493.25,70.36,96.67
1497.26,70.56,156.31
1501.03,70.76,108.66
1504.99,70.97,128.1
1508.76,71.17,211.6
1511.02,71.29,144.76
1512.53,71.37,102.2
1516.3,71.57,20.87
1520.07,71.77,62.79
1523.84,71.97,25.05
1531.38,72.37,100.92
1535.33,72.58,73.07
1539.1,72.78,144.38
1539.48,72.8,208.14
1542.67,72.98,148.98
1544.43,73.08,173.75
1546.18,73.18,76.14
1549.51,73.37,79.11
1552.85,73.56,45.27
1554.6,73.66,60.19
1556.18,73.75,77.25
1557.76,73.84,33.1
1559.51,73.94,25.88
1562.84,74.13,21.46
1564.42,74.22,25.38
1564.77,74.24,16.05
1566,74.31,16.16
1567.76,74.41,12.63
1569.51,74.51,15.25
1571.09,74.6,22.09
1571.26,74.61,34.12
1573.02,74.71,29.1
1574.77,74.81,34
1576.34,74.91,39.03
1578.6,75.11,45.98
1580.86,75.31,46.94
1583.12,75.51,22.79
1585.38,75.71,56.72
1587.64,75.91,128.19
1588.77,76.01,44.32
1589.9,76.11,33.07
1592.16,76.31,24.1
1593.29,76.41,26.18
1594.42,76.51,23.84
1595.55,76.61,37.76
1596.69,76.71,18.31
1598.95,76.91,31.19
1602.56,77.23,84.73
1604.6,77.41,76.04
1605.73,77.51,20.07
1608.67,77.77,36.33
1610.36,77.92,32.9
1610.7,77.95,32.65
1611.94,78.06,22.51
1613.64,78.21,23.95
1616.92,78.5,62.14
1620.2,78.79,116.21
1623.25,79.06,41.1
1625.73,79.28,122.2
1628.16,79.49,67.59
1631.5,79.69,49.02
1633.67,79.82,46.44
1635,79.9,37.32
1638.34,80.1,34.01
1641.85,80.31,22.43
1645.19,80.51,22.67
1648.69,80.72,46.88
1653.7,81.02,132.76
1660.84,81.18,252.19
1666.15,81.29,247.17
1666.63,81.3,292.01
1671.45,81.4,65.83
1676.76,81.51,164.76
1682.06,81.62,76.35
1687.36,81.73,62.1
1692.67,81.84,75.33
1697.97,81.95,158.99
1703.28,82.06,188.73
1706.35,82.13,151.75
1707.65,82.18,323.82
1710.51,82.29,65.19
1713.37,82.4,25.58
1715.71,82.49,16.28
1718.31,82.59,18.91
1720.64,82.68,12.31
1723.24,82.78,38.3
1731.3,83.09,41.85
1732.34,83.13,52.38
1740.13,83.43,51.15
1746.11,83.66,127.78
1751.12,83.87,218.21
1755.88,84.08,122.24
1760.42,84.28,44.66
1765.86,84.52,38.15
1770.63,84.73,69.63
1773.35,84.85,35.07
1774.94,84.92,21.11
1777.21,85.02,28.28
1779.48,85.12,30.11
1781.75,85.22,37.07
1784.7,85.35,42.73
1789.24,85.55,82.94
1791.96,85.67,169.65
1793.77,85.75,144.06
1797.87,85.95,57.51
1801.94,86.15,55.7
1806.02,86.35,23.81
1810.09,86.55,54.17
1814.17,86.75,21.56
1818.24,86.95,33.84
1822.31,87.15,30.05
1822.72,87.17,20.11
1826.39,87.35,28.94
1830.46,87.55,14.03
1834.54,87.75,53.13
1838.61,87.95,11.92
1842.69,88.15,14.98
1846.76,88.35,15.01
1850.83,88.55,14.24
1853.28,88.67,35.16
1854.91,88.75,20.07
1858.98,88.95,23.49
1865.69,89.15,67.97
1873.28,89.35,79.12
1880.87,89.55,121.35
1886.19,89.69,108.53
1888.47,89.75,79.85
1890.36,89.8,117.21
1894.54,89.91,87.23
1898.71,90.02,188.39
1903.23,90.17,156.1
1905.18,90.24,86.47
1911.3,90.46,21.77
1917.42,90.68,43.31
1923.54,90.9,43.1
1929.66,91.12,27.31
1935.78,91.34,32.4
1941.34,91.54,72.93
1947.19,91.75,63.4
1953.15,91.96,144.2
1958.85,92.16,85.82
1964.83,92.37,122.04
1970.81,92.58,36.75
1976.51,92.78,57.44
1982.49,92.99,14.79
1988.47,93.2,40.96
1994.17,93.4,101.52
2000.15,93.61,74.08
2005.39,93.82,53.7
2009.12,94.02,70.82
2013.03,94.23,43.59
2016.94,94.44,129.05
2021.23,94.67,39.54
2023.46,94.79,23.28
2025.32,94.89,14.01
2025.7,94.91,28.97
2027.19,94.99,17.34
2029.05,95.09,12.87
2030.91,95.19,16.53
2034.64,95.39,7.91
2038.36,95.59,10.8
2042.09,95.79,18.69
2045.81,95.99,16.11
2048.71,96.19,12.73
2051.57,96.39,12.47
2051.86,96.41,20.51
2054.43,96.59,11.74
2057.29,96.79,15.64
2060.14,96.99,20.57
2063,97.19,50.92
2065.86,97.39,80
2068.71,97.59,82.09
2071.57,97.79,127.34
2073.89,97.91,223.01
2075.57,97.99,165.27
2079.76,98.19,183.24
2083.96,98.39,96.25
2088.15,98.59,31.65
2092.35,98.79,37.72
2096.54,98.99,89.26
2100.74,99.19,78.86
2104.94,99.39,62.58
2105.36,99.41,48.92
2109.13,99.59,39.63
2113.33,99.79,53.36
2117.52,99.99,146.86
2121.72,100.19,89.44
2125.91,100.39,68.59
2130.11,100.59,23.06
2131.58,100.66,29.37
2133.89,100.77,26.61
2135.77,100.86,37.1
2140.6,101.09,58.38
2144.79,101.29,127.24
2148.57,101.47,171.07
2152.65,101.66,419.43
2157.57,101.86,467.86
2162.24,102.05,248.13
2167.16,102.25,61.88
2171.84,102.44,228.45
2176.76,102.64,32.99
2181.43,102.83,31.85
2186.35,103.03,28.48
2191.02,103.22,47.78
2195.94,103.42,229.63
2200.43,103.61,135.48
2202.5,103.73,113.87
2203.89,103.81,89.59
2207.17,104,80.75
2210.63,104.2,70.92
2214.08,104.4,128.73
2217.36,104.59,61.81
2220.82,104.79,34.47
2224.1,104.98,54.87
2227.56,105.18,49.19
2227.9,105.2,62.56
2232.22,105.45,161.77
2233.95,105.55,193.48
2235.68,105.65,265.56
2239.14,105.85,265.78
2240.88,105.95,272.3
2242.65,106.05,169.01
2244.41,106.15,142.75
2246.53,106.27,110.74
2247.94,106.35,114.49
2251.47,106.55,100.03
2255,106.75,53.98
2256.76,106.85,21.17
2260.29,107.05,22.35
2263.82,107.25,27.86
2267.35,107.45,36.3
2272.65,107.75,156.57
2273,107.77,140.57
2279.71,108.15,359.04
2285.99,108.45,211.53
2288.33,108.55,43.44
2293.02,108.75,10.52
2295.37,108.85,117.81
2300.06,109.05,87.02
2304.75,109.25,70.17
2305.22,109.27,32.77
2309.44,109.45,79.27
2314.14,109.65,105.47
2318.83,109.85,66.12
2322.3,110.05,73.1
2325.37,110.25,137.26
2328.43,110.45,50.61
2331.5,110.65,58
2333.34,110.77,48.7
2334.57,110.85,20.56
2337.63,111.05,29.9
2340.7,111.25,35.23
2343.77,111.45,39.25
2345.3,111.55,99.52
2354.35,112.14,155.18
2355.73,112.23,187.74
2356.04,112.25,199.46
2358.87,112.41,98.23
2363.49,112.58,55.83
2367.85,112.74,50.42
2372.47,112.91,27.4
2376.83,113.07,30.06
2381.45,113.24,41.03
2388.26,113.49,64.56
2388.8,113.51,38.17
2392.61,113.65,40.8
2397.24,113.82,34.1
2407.21,114.23,29.2
2410.58,114.4,25.58
2413.96,114.57,19.42
2417.14,114.73,49.88
2417.54,114.75,23.14
2420.52,114.9,89.3
2424.69,115.11,105
2428.66,115.31,110.67
2432.24,115.49,146.79
2435.62,115.66,333.05
2439.73,115.84,190.88
2443.68,116.01,172.52
2446.23,116.12,166.6
2448.55,116.22,150.9
2453.19,116.42,80.5
2455.51,116.52,49.61
2457.83,116.62,51.65
2460.15,116.72,26.9
2464.79,116.92,29.45
2469.44,117.12,47.24
2469.9,117.14,20.22
2474.08,117.32,37.44
2478.72,117.52,67.33
2478.72,117.52,43.29
2483.36,117.72,232.66
2488,117.92,232.82
2491.47,118.12,135.31
2494.94,118.32,60.74
2498.41,118.52,70.52
2500.49,118.64,14.04
2501.88,118.72,28.3
2505.35,118.92,35.47
2508.82,119.12,69.97
2512.29,119.32,134.76
2515.76,119.52,282.65
2519.22,119.72,434.32
2522.81,119.92,333.6
2526.84,120.12,353.4
2527.25,120.14,314.7
2530.88,120.32,284.42
2534.92,120.52,102.57
2538.95,120.72,44.45
2542.99,120.92,37.38
2547.03,121.12,18.23
2551.06,121.32,15.25
2555.1,121.52,8.92
2557.52,121.64,44.76
2559.14,121.72,23.87
2563.17,121.92,28.11
2567.22,122.12,32.6
2571.29,122.32,24.64
2575.37,122.52,19.34
2577.4,122.62,20.63
2579.44,122.72,21.99
2581.47,122.82,32.25
2584.93,122.99,34.24
2585.14,123,37.08
2589.21,123.2,56.19
2593.89,123.43,88.25
2598.57,123.66,251.86
2604.07,123.89,301.67
2607.12,124.01,198.8
2609.91,124.12,125.49
2616.27,124.37,47.6
2619.31,124.49,43.01
2619.31,124.49,20.85
2621.6,124.58,30.59
2621.86,124.59,18.89
2624.4,124.69,27.61
2632.02,124.99,27.02
2637.1,125.19,40.66
2642.19,125.39,47.55
2644.73,125.49,76.44
2647.13,125.59,83.99
2649.84,125.71,44.88
2651.65,125.79,44.64
2656.16,125.99,21.17
2658.42,126.09,23.63
2660.68,126.19,19.37
2662.94,126.29,16.55
2665.19,126.39,17.72
2667.45,126.49,18.04
2669.71,126.59,13.57
2671.97,126.69,15.6
2674.23,126.79,15.63
2676.48,126.89,19.29
2678.74,126.99,19.66
2681,127.09,20.84
2683.26,127.19,32.94
2683.71,127.21,33.31
2685.52,127.29,49.68
2687.77,127.39,91.4
2689.43,127.49,118.69
2691.02,127.59,103.6
2692.61,127.69,78.37
2694.2,127.79,75.61
2695.8,127.89,60.55
2697.39,127.99,66.48
2698.98,128.09,57.92
2700.57,128.19,58.65
2702.16,128.29,68.96
2703.75,128.39,106.58
2705.34,128.49,119.25
2706.93,128.59,132.28
2708.52,128.69,119.36
2708.84,128.71,113.87
2710.11,128.79,116.65
2711.7,128.89,203.86
2713.3,128.99,156.07
2714.89,129.09,172.57
2716.73,129.19,220.26
2719.17,129.29,165.72
2721.61,129.39,164.39
2724.05,129.49,125.67
2726.49,129.59,169.04
2728.93,129.69,144.72
2731.37,129.79,116.67
2733.8,129.89,64.43
2736.24,129.99,61.43
2738.68,130.09,38.01
2741.12,130.19,26.45
2741.61,130.21,21.4
2743.56,130.29,29.84
2746,130.39,21.79
2748.44,130.49,16.58
2750.88,130.59,24.45
2753.32,130.69,9.54
2755.76,130.79,28.05
2758.2,130.89,28.18
2760.63,130.99,28.95
2763.07,131.09,31.88
2765.51,131.19,41.47
2767.95,131.29,39.04
2770.39,131.39,23.4
2772.83,131.49,26.8
2775.27,131.59,27.85
2777.71,131.69,16.11
2778.2,131.71,5.19
2780.15,131.79,12.81
2785.02,131.99,11.53
2787.46,132.09,18.51
2789.9,132.19,20.5
2791.85,132.27,23.76
2794.78,132.39,27.69
2804.05,132.77,122.62
2809.05,132.97,112.77
2813.89,133.16,56.65
2818.98,133.36,46.74
2823.82,133.55,29.57
2828.65,133.74,52.02
2829.16,133.76,15.15
2838.58,134.13,53.07
2843.67,134.33,54.54
2848.44,134.52,100.73
2852.89,134.72,74.78
2861.33,135.1,21.18
2864,135.22,21.68
2865.78,135.3,21.58
2874.44,135.69,39.15
2878.67,135.88,50.25
2887.34,136.27,82.46
2896.06,136.66,46.22
2896.5,136.68,9.33
2900.75,136.87,36.65
2905.44,137.08,20.72
2910.13,137.29,30.37
2914.83,137.5,22.25
2918.4,137.66,59.01
2918.85,137.68,41.35
2922.87,137.86,77.12
2927.28,138.06,73.81
2931.54,138.26,67.1
2935.8,138.46,69.24
2940.07,138.66,52.73
2944.33,138.86,64.39
2948.59,139.06,44.83
2951.15,139.18,17.91
2952.85,139.26,68.35
2957.11,139.46,21.11
2961.38,139.66,30.92
2965.64,139.86,23.29
2974.16,140.26,37.95
2978.4,140.46,70.43
2982.4,140.66,46.36
2982.8,140.68,27.5
2986.4,140.86,60.75
2990.4,141.06,42.47
2994.4,141.26,36.64
2996.4,141.36,41.55
2998.4,141.46,33.9
3000.4,141.56,64.84
3004.2,141.75,58.18
3006.4,141.86,61.89
3013.6,142.22,75.56
3017.6,142.42,92.91
3021.06,142.59,79.19
3025.75,142.82,47.53
3026.15,142.84,24.88
3030.64,143.06,59.13
3035.32,143.29,62.67
3039.61,143.5,59.27
3041.85,143.61,41.41
3044.09,143.72,97.26
3048.57,143.94,51.01
3055.06,144.21,56.07
3063.16,144.53,62.2
3065.44,144.62,15.81
3067.22,144.69,44.85
3068.99,144.76,15.47
3074.81,144.99,37.9
3078.86,145.15,29.89
3082.66,145.3,24.53
3086.46,145.45,27.7
3090.63,145.61,38.91
3095.32,145.76,28.79
3095.63,145.77,16.64
3100.01,145.91,27.11
3105.02,146.07,32.76
3109.71,146.22,32.03
3114.41,146.37,12.64
3119.41,146.53,30.56
3124.11,146.68,39.72
3128.8,146.83,60.21
3131.93,146.93,32.35
3133.81,146.99,59.34
3137.96,147.15,63.37
3142.09,147.34,57.65
3146.43,147.54,35.08
3150.57,147.73,38.77
3153.39,147.86,22.68
3155.57,147.96,16.19
3157.74,148.06,19.6
3159.91,148.16,16.69
3164.26,148.36,34.99
3168.61,148.56,18.19
3172.96,148.76,35.59
3177.58,148.96,16.92
3178.11,148.98,17.5
3182.86,149.16,15.19
3188.13,149.36,14.66
3193.41,149.56,29.22
3198.68,149.76,10.85
3203.96,149.96,12.86
3209.23,150.16,19.02
3214.51,150.36,12.84
3217.67,150.48,11.25
3225.05,150.76,8.23
3230.33,150.96,9
3240.88,151.36,10.59
3246.15,151.56,15.88
3251.43,151.76,20.87
3254.07,151.86,35.21
3257.23,151.98,17.74
3259.34,152.06,20.49
3264.62,152.26,15.89
3269.89,152.46,32.6
3275.16,152.66,16.45
3285.71,153.06,29.01
3288.09,153.15,41.86
3290.99,153.26,50.28
3293.89,153.37,42.27
3298.62,153.58,73.53
3303.06,153.8,53.5
3307.5,154.02,103.01
3309.72,154.13,42.95
3312.35,154.26,32.28
3318.61,154.57,32.04
3323.05,154.79,19.22
3327.49,155.01,39.32
3335.36,155.4,10.94
3339.19,155.59,51.01
3342.47,155.69,24.13
3347.42,155.81,6.97
3350.72,155.89,10.05
3359.38,156.1,31.29
3369.28,156.34,12.62
3375.46,156.49,18.49
3382.16,156.7,12.84
3387.55,156.95,7.82
3394.46,157.27,11.07
3397.27,157.4,9.39
3408.06,157.9,23.24
3411.94,158.08,35.38
3412.16,158.09,20.88
3413.45,158.15,24.18
3416.26,158.28,9.62
3416.48,158.29,18.65
3417.77,158.35,23.89
3420.58,158.48,11.22
3420.58,158.48,24.07
3421.87,158.54,20.6
3424.89,158.68,20.59
3424.89,158.68,10.55
3429.64,158.9,21.74
3433.53,159.08,58.78
3437.84,159.28,26.79
3444.75,159.6,11.83
3449.07,159.8,21.26
3457.7,160.2,15.35
3462.02,160.4,32.51
3466.33,160.6,22.55
3470.65,160.8,16.56
3474.97,161,19.07