Age (ka),Red Norm,Green Norm,Blue Norm,Grey Norm
0,-0.888886624,-1.393378403,-1.529917759,-1.261629357
1,-0.524648974,-1.095312382,-1.330602634,-0.954727189
2,-0.312894011,-0.918423283,-1.228388344,-0.773884956
3,-0.375493174,-1.005193684,-1.279251201,-0.850824869
4,-0.379937361,-0.992836502,-1.268916788,-0.844385176
5,-0.402180154,-1.006533429,-1.280532505,-0.860090907
6,-0.385050136,-0.992674197,-1.295393586,-0.84856454
7,-0.320939876,-0.910702084,-1.247909595,-0.774298955
8,-0.504085709,-1.041021392,-1.344960775,-0.918140492
9,-0.941572404,-1.318180905,-1.521709277,-1.23262883
10,-0.71061374,-1.095242716,-1.328927649,-1.008937103
11,-0.569123744,-0.902877733,-1.12696805,-0.831966386
12,-0.478302149,-0.597963059,-0.812246072,-0.589077801
13,-0.738454259,-0.780410816,-0.905388004,-0.784093695
14,-1.039354544,-1.087011216,-1.238789029,-1.093503892
15,-1.03363604,-1.112478247,-1.259210641,-1.111270531
16,-1.028628099,-1.145776493,-1.270574041,-1.13112165
17,-0.430645861,-0.982047402,-0.792988937,-0.798360437
18,-0.982439199,-1.089472623,-1.245292095,-1.0804062
19,-1.077967359,-1.172347697,-1.299674458,-1.163675087
20,-1.142293761,-1.231365506,-1.332783941,-1.221345534
21,-1.106907137,-1.218998595,-1.341290164,-1.207829161
22,-1.042643088,-1.134876215,-1.243524288,-1.124575657
23,-1.022603253,-1.114837223,-1.24195168,-1.106884307
24,-0.882522038,-1.016218325,-1.067638041,-0.985974751
25,-1.112769562,-1.210811223,-1.246588623,-1.19079927
26,-0.946851985,-1.083609171,-1.195182125,-1.062192694
27,-0.961591214,-1.080131093,-1.150776322,-1.056976604
28,-0.952843769,-1.079479695,-1.119925786,-1.052031151
29,-0.934022267,-1.07305048,-1.073791252,-1.038728987
30,-0.775945267,-0.901464101,-0.926155644,-0.871548795
31,-0.709947467,-0.828020747,-0.882487175,-0.801930259
32,-0.744441504,-0.872479947,-0.940813535,-0.845664559
33,-0.739427664,-0.85901628,-0.915804132,-0.832854956
34,-0.675610037,-0.790312554,-0.845142269,-0.76365843
35,-0.593759367,-0.696096546,-0.774461766,-0.674933739
36,-0.58698789,-0.677186234,-0.76302269,-0.660033782
37,-0.548182674,-0.649152201,-0.753862375,-0.633376726
38,-0.53721458,-0.646305203,-0.745026348,-0.627570523
39,-0.363571821,-0.441566542,-0.565255571,-0.43410342
40,-0.333496398,-0.437488428,-0.554361912,-0.422807367
41,-0.300312848,-0.382962771,-0.518357942,-0.375572661
42,-0.308748811,-0.359200929,-0.470240128,-0.356216162
43,-0.175009868,-0.213250306,-0.377378773,-0.220102809
44,-0.197786824,-0.261464869,-0.421203432,-0.26225667
45,-0.267761545,-0.321990714,-0.462294535,-0.322047999
46,-0.230670683,-0.287625796,-0.450110468,-0.290390811
47,-0.309784688,-0.361819976,-0.514407453,-0.365077258
48,-0.087368536,-0.160020792,-0.203741824,-0.142559588
49,0,0,0,0
50,0,0,0,0
51,0.30487596,0.276015492,0.104844797,0.266926899
52,0.242545449,0.203670781,0.060320939,0.201939613
53,0.220215374,0.166323935,0.036002118,0.171153631
54,0.037477389,-0.019404686,-0.165129741,-0.017840983
55,-0.146963591,-0.208475006,-0.36150591,-0.208272922
56,-0.143266762,-0.229985543,-0.380772251,-0.22424488
57,-0.127742935,-0.216057563,-0.368880864,-0.210320288
58,-0.274353839,-0.359025692,-0.506533371,-0.353713592
59,-0.505452986,-0.608200944,-0.73533198,-0.596296932
60,-0.625261065,-0.73628162,-0.885076582,-0.723624164
61,-0.567150906,-0.662520833,-0.833979797,-0.656239819
62,-0.946022132,-1.034734229,-1.037908877,-1.01349615
63,-0.813704179,-0.941058414,-0.95506513,-0.909645444
64,-0.6784697,-0.821622677,-0.866823736,-0.78814879
65,-0.762242964,-0.888857181,-0.887564258,-0.854588424
66,-0.842174213,-0.955392479,-0.895442926,-0.918838477
67,-0.550525782,-0.691565964,-0.719336243,-0.657253122
68,-0.186967379,-0.309913942,-0.434920529,-0.291652742
69,0.025830289,-0.096023056,-0.276842617,-0.080458847
70,0.048986939,-0.070964872,-0.285153971,-0.057424767
71,0.090027352,-0.025647173,-0.28036649,-0.017996143
72,0.196814601,0.081568196,-0.194988546,0.08638913
73,0.266252685,0.142299409,-0.121473152,0.152357941
74,0.236433247,0.101906985,-0.2224882,0.107598575
75,0.743054525,0.651825911,0.386857299,0.653486937
76,0.827363398,0.718872515,0.460240674,0.727273044
77,0.952204956,0.849682018,0.611738448,0.858846442
78,0.871306,0.844464882,0.708355633,0.841253362
79,0.613999642,0.661314213,0.666990674,0.650431762
80,0.647429176,0.649455705,0.69740594,0.657866797
81,1.202720702,1.153088805,1.045274314,1.162059811
82,0.566466157,0.542238237,0.501581628,0.548507627
83,0.537172075,0.474789384,0.453362878,0.493960824
84,0.917983958,0.815538257,0.733289007,0.839560743
85,1.226425461,1.105032168,0.9693802,1.128667443
86,1.227243007,1.103722482,0.971101229,1.128352467
87,1.139570808,1.019305627,0.881611034,1.041506687
88,1.02661886,0.907493538,0.763562568,0.928559604
89,0.910510196,0.781865521,0.658141197,0.807392463
90,0.784480173,0.647273132,0.480914943,0.672624615
91,0.758530559,0.612721499,0.409547823,0.638322294
92,0.858530479,0.715343177,0.511751127,0.739731916
93,0.924906147,0.792082093,0.599187179,0.813198182
94,0.632415901,0.47682079,0.251914571,0.503111459
95,0.627845245,0.482854253,0.236262621,0.502926676
96,0,0,0,0
97,0,0,0,0
98,0,0,0,0
99,0,0,0,0
100,0,0,0,0
101,0,0,0,0
102,0,0,0,0
103,0,0,0,0
104,0,0,0,0
105,0,0,0,0
106,0,0,0,0
107,0,0,0,0
108,0,0,0,0
109,0,0,0,0
110,0,0,0,0
111,0,0,0,0
112,0,0,0,0
113,0,0,0,0
114,0,0,0,0
115,0,0,0,0
116,0,0,0,0
117,0,0,0,0
118,0,0,0,0
119,0,0,0,0
120,0,0,0,0
121,0,0,0,0
122,0,0,0,0
123,0.738328372,0.606105793,0.384057613,0.62503676
124,0.943319124,0.831464854,0.611795254,0.845045971
125,1.13392335,1.068642852,0.866358094,1.070433986
126,1.208025805,1.184080981,0.996912938,1.174970227
127,1.247456445,1.216351297,1.026587319,1.209316834
128,1.387986145,1.320549151,1.166812042,1.3293258
129,1.308825552,1.229782336,1.090074554,1.243534328
130,1.338757263,1.256588656,1.140771407,1.275330103
131,1.382559896,1.297462626,1.197231089,1.319664646
132,1.401558394,1.309335027,1.199660064,1.330610741
133,1.387051759,1.298221651,1.160834639,1.312641209
134,1.345241915,1.287881167,1.134394774,1.293093759
135,1.354067352,1.26073921,1.104019266,1.275460908
136,1.266643625,1.168434521,1.005874921,1.183110501
137,0.953839134,0.879110685,0.736591743,0.88858098
138,0.519018783,0.485005326,0.387702273,0.486579901
139,0.55586149,0.517383765,0.419171187,0.52051369
140,1.13552099,1.04099831,0.880653866,1.055750382
141,1.097164413,1.020113029,0.870802877,1.030759948
142,1.109080418,1.02230405,0.887837319,1.037989508
143,1.088986959,0.991084708,0.862054741,1.01095949
144,0.981921046,0.882452219,0.73828556,0.900657989
145,1.122628848,0.95599019,0.989114395,1.015503222
146,1.204820565,0.984061721,1.157691443,1.076552853
147,1.114091605,0.880836019,1.075421556,0.979411873
148,0.944557019,0.731477259,0.958566661,0.82356455
149,0.795877015,0.597359804,0.840199161,0.684314416
150,0.691918541,0.493841514,0.725919513,0.579926312
151,0.674293635,0.463161271,0.696032414,0.554737054
152,0.758657787,0.528588959,0.763776855,0.627562085
153,0.962098395,0.707078969,0.945335283,0.815200143
154,1.149959711,0.877488914,1.117855782,0.992830661
155,1.2025675,0.94127915,1.178178442,1.052822601
156,1.109882322,0.890361473,1.117814086,0.986297152
157,1.08471089,0.872677817,1.043154153,0.960290212
158,1.059768783,0.88702869,1.023926702,0.958613165
159,0.792383658,0.647298957,0.735709917,0.70330768
160,0.221551071,0.114463937,0.138259612,0.149653831
161,-0.289888469,-0.388480933,-0.402435636,-0.362933124
162,-0.485510344,-0.608531396,-0.619450273,-0.577405315
163,-0.587492172,-0.682074818,-0.691899425,-0.657257066
164,-0.583812385,-0.684342462,-0.651391999,-0.65335848
165,-0.381115494,-0.418113287,-0.430043133,-0.410125354
166,-0.26508476,-0.251283601,-0.286016248,-0.262474023
167,-0.585296487,-0.532618652,-0.576844168,-0.558146949
168,-0.752651001,-0.712506925,-0.780577904,-0.736108231
169,-0.782589704,-0.787353033,-0.882052178,-0.798852387
170,-0.864372815,-0.884973659,-0.980061817,-0.892043361
171,-0.732247321,-0.72103467,-0.81150875,-0.73841854
172,-0.620732165,-0.661285483,-0.892728687,-0.678087199
173,-0.598916028,-0.65826764,-0.880566701,-0.667481634
174,-0.615310925,-0.659022659,-0.8338327,-0.667018875
175,-0.611139371,-0.650009007,-0.791902974,-0.654977615
176,-0.59685286,-0.645312546,-0.751376133,-0.64334723
177,-0.550630566,-0.617334605,-0.674998657,-0.604773009
178,-0.521570499,-0.617670647,-0.632495988,-0.59269985
179,-0.631864228,-0.770535517,-0.772733956,-0.735468648
180,-0.674436946,-0.823352338,-0.829767451,-0.78747269
181,-0.856551129,-1.015209119,-0.962040388,-0.968877077
182,-0.75670415,-0.90700998,-0.892601433,-0.868020325
183,-0.687085771,-0.830020924,-0.832663037,-0.794301317
184,-0.512159925,-0.648819523,-0.654793197,-0.614070328
185,-0.321254435,-0.458055691,-0.454871636,-0.421729554
186,-0.302634542,-0.439302188,-0.40969381,-0.399369095
187,-0.437012339,-0.546632731,-0.489089149,-0.508695763
188,-0.631113578,-0.691895174,-0.583796477,-0.661383881
189,-0.356433557,-0.412234026,-0.422573782,-0.393990533
190,-0.204063379,-0.237979419,-0.315492412,-0.233484777
191,-0.186877764,-0.180226777,-0.268251457,-0.191117938
192,-0.037321457,-0.009594562,-0.085753897,-0.0279076
193,0.01059034,0.040695017,-0.01390989,0.023015392
194,-0.089244871,-0.080740663,-0.102262281,-0.08742526
195,0.256060948,0.286025507,0.286410916,0.276172645
196,0.466398032,0.508660806,0.525279,0.497550812
197,0.364864962,0.395802957,0.421249657,0.389352631
198,0.203787987,0.236041611,0.245102062,0.226392362
199,0.030356948,0.06973184,0.065593568,0.055156979
200,-0.146439246,-0.09252655,-0.09356152,-0.11267372
201,-0.339074813,-0.272532421,-0.264330058,-0.296632732
202,-0.499243978,-0.429314176,-0.417232104,-0.454726746
203,-0.561224723,-0.511462227,-0.514115485,-0.532192383
204,-0.6337247,-0.589404892,-0.5962553,-0.609326435
205,-0.693962448,-0.648602449,-0.647384552,-0.668438779
206,-0.698026566,-0.646416679,-0.606365184,-0.664056255
207,-0.648830427,-0.597800932,-0.575483532,-0.616925914
208,-0.586200164,-0.538101393,-0.552900134,-0.559987991
209,-0.572441951,-0.524091871,-0.549244501,-0.547069718
210,-0.577435728,-0.521662892,-0.525218892,-0.54364204
211,-0.577693887,-0.509854649,-0.489390009,-0.531654694
212,-0.466149251,-0.38121447,-0.449542199,-0.417456379
213,-0.531991684,-0.452070226,-0.579966443,-0.493541438
214,-0.711846014,-0.651700722,-0.815228876,-0.691816673
215,-0.785670867,-0.739663536,-0.885658298,-0.774838615
216,-0.773072482,-0.734414011,-0.892597858,-0.769212356
217,-0.689331046,-0.652680993,-0.847278758,-0.690723598
218,-0.714655126,-0.702939079,-0.88241792,-0.730591991
219,-0.676152112,-0.676745063,-0.848608986,-0.699047513
220,-0.571746326,-0.571612698,-0.743609741,-0.593767796
221,-0.471658035,-0.485111977,-0.679545985,-0.505291078
222,-0.340421511,-0.367292232,-0.538828633,-0.379517743
223,-0.169509686,-0.208942075,-0.299120886,-0.205718541
224,-0.058405584,-0.108145366,-0.186976683,-0.098309318
225,-0.053566361,-0.1078601,-0.169110086,-0.09374401
226,-0.250447504,-0.298190511,-0.3163459,-0.282822098
227,-0.095621786,-0.11624831,-0.143031773,-0.111308379
228,0.234793715,0.251551133,0.190317031,0.240230935
229,0.519288887,0.5615183,0.503425505,0.543307612
230,0.716214294,0.768156434,0.729397624,0.749735861
231,0.737737198,0.767826205,0.780835364,0.762577019
232,0.771626506,0.798624583,0.821317878,0.795432457
233,0.811689746,0.844963931,0.856330992,0.838280032
234,0.816572695,0.862681157,0.827280197,0.846187232
235,0.768801118,0.821823139,0.746750566,0.798420846
236,0.615562369,0.663638731,0.563108669,0.639140103
237,0.58665064,0.635672631,0.510316096,0.608255758
238,0.619809222,0.672718069,0.522850097,0.641473364
239,0.808239944,0.84397812,0.727939629,0.823799918
240,0.962731701,0.971055058,0.889028199,0.964914742
241,1.049243609,1.009633085,0.961982715,1.023482347
242,1.058628497,1.004163905,0.972029453,1.024096928
243,1.029507691,0.976704141,0.95066946,0.995778441
244,1.023329612,0.97058723,0.929061034,0.988310749
245,0.984334697,0.939989277,0.885891607,0.953285111
246,0.879607561,0.860355722,0.799535429,0.863060822
247,0.752780673,0.766364449,0.694978094,0.755628359
248,0.614920474,0.665205081,0.581333825,0.639604708
249,0.363447163,0.406206174,0.325584982,0.382965208
250,0.083958998,0.123703868,0.0418905,0.100620075
251,-0.251643005,-0.205875819,-0.297779181,-0.233213515
252,-0.65478312,-0.61028202,-0.680392966,-0.637017708
253,-0.841516747,-0.795799899,-0.851838231,-0.823022039
254,-0.302523449,-0.268097879,-0.438601447,-0.300488573
255,0.294531928,0.205605745,-0.115451881,0.195434541
256,0.659664992,0.616206208,0.357855175,0.601935157
257,0.907820353,0.879419697,0.695670753,0.87127043
258,0.738714114,0.755480442,0.593526232,0.734993128
259,0.239163377,0.271590966,0.101015122,0.242231
260,-0.526452565,-0.534715167,-0.578098614,-0.538635499
261,-0.464513569,-0.412950024,-0.44835894,-0.438789318
262,-0.246165948,-0.202261245,-0.241709883,-0.224447975
263,-0.330563047,-0.281771046,-0.351185735,-0.309636967
264,-0.561272063,-0.481046431,-0.533784528,-0.514883723
265,-0.526967194,-0.476935364,-0.558815036,-0.506010051
266,-0.398054271,-0.343003169,-0.425072679,-0.371474537
267,-0.422995913,-0.338684443,-0.432627489,-0.377081394
268,-0.640286546,-0.555873359,-0.68133339,-0.599789063
269,-0.439413528,-0.371527581,-0.424842697,-0.400867476
270,-0.340615997,-0.279557223,-0.363427677,-0.309692202
271,-0.240910122,-0.163616532,-0.264906855,-0.199822745
272,-0.083779093,-0.0075941,-0.116304363,-0.043853356
273,-0.089283575,-0.033716229,-0.111298569,-0.060886608
274,-0.235106984,-0.194140232,-0.220692125,-0.212132438
275,-0.158759313,-0.114362179,-0.173236208,-0.136272134
276,0.030864151,0.073860165,-0.035513158,0.048811228
277,-0.09268246,-0.09365163,-0.193476004,-0.104671742
278,-0.378173848,-0.513480744,-0.498642281,-0.474719684
279,-0.190625779,-0.403941788,-0.329814054,-0.32985849
280,-0.234486902,-0.451089835,-0.332377787,-0.373255288
281,-0.206746242,-0.433857233,-0.399244962,-0.358747829
282,-0.436898533,-0.652288526,-0.672796333,-0.59157911
283,-0.509678292,-0.706810642,-0.743518302,-0.65462974
284,-0.471130277,-0.638476164,-0.687046196,-0.596460584
285,-0.420442683,-0.582724992,-0.631707055,-0.542017737
286,-0.316086356,-0.491641866,-0.545916774,-0.446225615
287,-0.130646784,-0.324499351,-0.391308843,-0.272883619
288,-0.254449536,-0.447730238,-0.455791861,-0.389925217
289,-0.347546241,-0.535385804,-0.484542159,-0.47408978
290,0.300835172,0.087211764,0.065031199,0.15008434
291,0.565478349,0.354709019,0.344841656,0.420228354
292,0.728973844,0.505263637,0.508853781,0.578424782
293,0.887289079,0.658179082,0.672108697,0.735245689
294,0.770235674,0.558942572,0.590838127,0.630222111
295,0.682808886,0.534297299,0.551436401,0.585004979
296,0.796723254,0.693879053,0.711794199,0.731646041
297,1.216453028,1.133281705,1.175565078,1.169698917
298,1.307542396,1.239701245,1.257614877,1.269217017
299,1.328998284,1.271010269,1.255189644,1.293866405
300,1.414043236,1.347571726,1.311496706,1.3708103
301,1.26678279,1.212967518,1.192243411,1.233426918
302,0.958089778,0.931621067,0.950990546,0.947104241
303,0.287610412,0.293507912,0.362891495,0.302939188
304,-0.16172752,-0.12725281,-0.034049008,-0.125402508
305,-0.250201657,-0.193307909,-0.118334788,-0.2014585
306,0.169646774,0.203772229,0.252100911,0.201023188
307,0.65542043,0.663138841,0.690208231,0.66779683
308,0.795969225,0.818090306,0.859117893,0.819730873
309,0.874343915,0.933981953,0.97485511,0.924131024
310,0.90713863,1.021238761,1.051611487,0.993683971
311,0.668100673,0.776297683,0.784090708,0.746762193
312,0.603630257,0.685965516,0.662012326,0.660529602
313,0.846109786,0.871610003,0.800980289,0.859829663
314,0.815533579,0.777713628,0.724857581,0.786802656
315,0.727035104,0.638928215,0.614895083,0.665869881
316,0.758752881,0.695086124,0.65842068,0.71402409
317,0.711078516,0.665966984,0.647273056,0.681361406
318,0.602030081,0.570924449,0.593860319,0.586223252
319,0.196593071,0.142487782,0.316745067,0.179978282
320,0.049752598,-0.0228453,0.216086231,0.026772158
321,0.385544404,0.305111293,0.446270703,0.347313042
322,0.495964633,0.422418041,0.46790209,0.452531242
323,0.531124183,0.468069929,0.438223969,0.487165664
324,0.55243073,0.493575235,0.496448966,0.515822617
325,0.625201722,0.560978349,0.606961059,0.590265261
326,0.739910165,0.662523234,0.760080968,0.702017844
327,0.899272153,0.810101376,0.8883007,0.851277492
328,0.993647126,0.90210581,0.944848033,0.939943564
329,0.960649494,0.884390266,0.868451449,0.910267321
330,1.007447093,0.936464579,0.947790974,0.96454765
331,1.102907749,1.03440645,1.090310746,1.067963577
332,1.327563426,1.265486288,1.291276817,1.294730177
333,1.36603921,1.311965876,1.316982134,1.335965989
334,1.244635605,1.199922575,1.192184722,1.217879822
335,1.038007794,0.956929751,0.949791124,0.984752233
336,0.913838453,0.804353856,0.788396034,0.838956281
337,0.966505769,0.850817859,0.805346872,0.883841643
338,1.179200813,1.09997594,1.080175363,1.126624839
339,1.415121144,1.380668628,1.400664838,1.400422111
340,1.408086162,1.368051881,1.385739715,1.389387653
341,1.399845892,1.356256085,1.371781023,1.378560177
342,1.390519486,1.34520008,1.358693222,1.367919221
343,0.754811242,0.745901482,0.893033266,0.770397369
344,0.54062263,0.549829821,0.736860335,0.572348767
345,1.156361463,1.136034478,1.149109275,1.150520671
346,1.12178413,1.076896368,0.968199684,1.086501204
347,0.926039645,0.863145762,0.700359034,0.868050615
348,1.09600005,1.010832605,0.848795088,1.021770319
349,1.172980427,1.088728541,0.945331539,1.101975066
350,-0.52655591,-0.509612871,-0.480349335,-0.513367387
351,0,0,0,0
352,0,0,0,0
353,0,0,0,0
354,0,0,0,0
355,0,0,0,0
356,0,0,0,0
357,0,0,0,0
358,0,0,0,0
359,0,0,0,0
360,0,0,0,0
361,0,0,0,0
362,0,0,0,0
363,0,0,0,0
364,0,0,0,0
365,0,0,0,0
366,0,0,0,0
367,0,0,0,0
368,0,0,0,0
369,0,0,0,0
370,0,0,0,0
371,0,0,0,0
372,0,0,0,0
373,0,0,0,0
374,0,0,0,0
375,-1.847677691,-1.747005377,-1.571121698,-1.762636707
376,-1.800499759,-1.70493171,-1.536065831,-1.71994917
377,-1.495349068,-1.402691124,-1.254833185,-1.41784971
378,-1.080559727,-0.999036869,-0.88576819,-1.012790851
379,-1.954099477,-1.81497891,-1.627400724,-1.841061694
380,-1.375081557,-1.266126509,-1.05406889,-1.278247303
381,-0.389263072,-0.356022143,-0.159356235,-0.343353366
382,-1.010368997,-0.934509862,-0.727223652,-0.935823149
383,-1.303620564,-1.210861645,-1.025007281,-1.220646497
384,0.282490041,0.288076962,0.482709518,0.311443861
385,0.767702021,0.762414589,0.806547297,0.772968532
386,1.345274386,1.31474647,1.287987602,1.326740053
387,1.30055919,1.340468896,1.263066895,1.322927209
388,1.140341557,1.178259133,1.068850114,1.159155297
389,0.921715657,0.960345687,0.844739972,0.940011687
390,0.65417267,0.704528008,0.580628294,0.678376222
391,0.344315511,0.397336013,0.257367866,0.366759319
392,0.219107881,0.275340465,0.115344257,0.239726131
393,-0.059869906,-0.006479537,-0.151928479,-0.040383628
394,-0.441351057,-0.381882762,-0.51248338,-0.417423763
395,-0.734898551,-0.678122801,-0.685567625,-0.700123806
396,-1.60717422,-1.533826897,-1.383057602,-1.543938589
397,-1.305695765,-1.244352266,-1.175723962,-1.263155442
398,-0.982223926,-0.918227746,-0.881441429,-0.942512194
399,-0.886033358,-0.817315874,-0.801054281,-0.84567287
400,-0.629464214,-0.589728279,-0.627224435,-0.611908504
401,-0.383817445,-0.332446422,-0.421448428,-0.358399194
402,-0.222705891,-0.10910431,-0.225487184,-0.159302448
403,0.136188239,0.199660631,0.05172422,0.162455988
404,0.243083299,0.297714471,0.191491427,0.267867285
405,0.76396669,0.726806385,0.820300349,0.753917837
406,1.110430773,1.074752895,1.222498546,1.108636677
407,0.92771293,0.848596837,1.048064895,0.897981061
408,0.563930641,0.50630427,0.836241642,0.564244188
409,0.98804998,0.9892342,1.313562209,1.030936182
410,1.315281092,1.341530998,1.586844299,1.367638593
411,1.250546079,1.286276349,1.490541496,1.304840683
412,1.19738672,1.243000144,1.444793514,1.25804418
413,1.043077668,1.168393436,1.387325149,1.161941672
414,1.13205724,1.197304947,1.464422269,1.213407157
415,1.2899377,1.310662773,1.393653771,1.320268239
416,1.283314892,1.308785872,1.365080444,1.313209624
417,0.639487123,0.68244551,0.844744021,0.69389649
418,1.02118705,1.061996522,1.111116029,1.059966668
419,1.04325181,1.08885062,1.018890588,1.069432444
420,0.916918148,0.960927957,0.860359682,0.939488741
421,0.428218342,0.495536539,0.513879523,0.478839067
422,-1.363231263,-1.23147667,-1.035899546,-1.252653468
423,-2.086655612,-1.92827055,-1.698711056,-1.956112776
424,-2.929736565,-2.742334601,-2.47500158,-2.777700182
425,-3.076800771,-2.88135522,-2.602664994,-2.918294891
426,-3.136259903,-2.93807032,-2.655369628,-2.975603665
427,-3.238145011,-3.037077296,-2.752925527,-3.075705405
428,-3.027277323,-2.831853359,-2.537351045,-2.866717022
429,-2.999108726,-2.803058844,-2.518899261,-2.839253272
430,-2.61946821,-2.437110416,-2.166171864,-2.469310486
431,-2.597935692,-2.414310721,-2.137115451,-2.446034334
432,-2.779371622,-2.587382038,-2.309175581,-2.622182053
433,-2.681270891,-2.481031879,-2.213217771,-2.519058986
434,-2.981027029,-2.783639784,-2.506525541,-2.821014716
435,-2.568470533,-2.388910224,-2.122967538,-2.420646171
436,-2.041650369,-1.883250908,-1.627179471,-1.907723125
437,-1.117932528,-0.925415964,-0.608118916,-0.949255188
438,0.203816445,0.433515035,0.756642393,0.405282961
439,-0.040674594,0.160956534,0.499211268,0.141548169
440,-0.921031507,-0.750348862,-0.499176409,-0.774948739
441,-1.995044873,-1.822656153,-1.604711114,-1.85646585
442,-0.23920267,-0.066396928,0.076268445,-0.102009074
443,0.978945191,1.19373668,1.226484688,1.138229321
444,1.120778897,1.431793978,1.389001826,1.339813427
445,1.136815374,1.372735341,1.347751913,1.30515317
446,0.954541819,1.141018847,1.12618437,1.088021345
447,0.807196287,0.934076922,0.925346812,0.897917759
448,0.731532249,0.810951156,0.717802925,0.779084246
449,-0.721239789,-0.692198978,-0.600437216,-0.693374659
450,-0.820571512,-0.858563063,-0.766057827,-0.838253981
451,-0.918177019,-0.923243441,-0.806411614,-0.909834129
452,-0.830273475,-0.80914197,-0.706399316,-0.805718093
453,-0.870982656,-0.79991252,-0.78833443,-0.825744814
454,-1.008735578,-0.936762159,-0.97912876,-0.969258558
455,-1.170325531,-1.10291939,-1.123767037,-1.133510107
456,-1.03222594,-0.980097477,-0.960391774,-1.000585423
457,-0.887352443,-0.832727832,-0.91644261,-0.863578134
458,-1.08810388,-1.01721116,-1.09680207,-1.054456501
459,-1.014335771,-0.9583523,-0.947833575,-0.980103324
460,-0.68013988,-0.603367225,-0.652718494,-0.635869769
461,-0.7383185,-0.661856628,-0.776537318,-0.702842622
462,-0.731230701,-0.650536234,-0.762239423,-0.69222066
463,-0.772006467,-0.710180774,-0.815866672,-0.745405175
464,-0.645216955,-0.580478713,-0.69007346,-0.616661145
465,-0.491626148,-0.36645382,-0.469826745,-0.418207583
466,-0.441791065,-0.340942734,-0.504423851,-0.393268071
467,-0.270264246,-0.163747841,-0.352018562,-0.219048121
468,-0.262228663,-0.167410687,-0.368249805,-0.22037608
469,-0.252052499,-0.152696952,-0.283954669,-0.200143595
470,-0.754757722,-0.623028808,-0.621657693,-0.665163549
471,-1.218338089,-1.077274246,-0.947270545,-1.110959341
472,-1.259252463,-1.122381951,-0.964301895,-1.154661633
473,-1.241033779,-1.10466485,-0.963911608,-1.136689007
474,-1.268651399,-1.12883454,-0.998034369,-1.162032994
475,-1.449397505,-1.302529039,-1.161353517,-1.337126308
476,-1.486479582,-1.330727406,-1.171699036,-1.367340471
477,-1.2217671,-1.077722401,-0.92396935,-1.111400317
478,-1.177749404,-1.033967618,-0.893638248,-1.067613004
479,-1.117178182,-0.978025367,-0.8524122,-1.01045712
480,-1.496285465,-1.341606787,-1.225978034,-1.378189062
481,-1.557882147,-1.400896582,-1.28340028,-1.437250716
482,-1.229851553,-1.088059558,-0.956973049,-1.120934117
483,-1.000299434,-0.818597347,-0.736970541,-0.866430194
484,-1.016540324,-0.802170769,-0.773554551,-0.866471752
485,-1.173491841,-0.936978176,-0.948018565,-1.009680107
486,-1.213535669,-1.013000651,-0.988544032,-1.071594978
487,-1.462336898,-1.316795983,-1.228321631,-1.352455757
488,-1.693235538,-1.5424101,-1.424065856,-1.576966192
489,-1.224588906,-1.065034432,-0.990649157,-1.105470222
490,-1.102024479,-0.939001004,-0.880194997,-0.982890951
491,-0.516205227,-0.372881865,-0.293216372,-0.404934138
492,-0.333467403,-0.195375902,-0.124962434,-0.225422146
493,-0.124386847,-0.001394286,0.061551054,-0.029088775
494,-0.600510649,-0.502881673,-0.412383571,-0.52599921
495,-1.870848035,-1.74119427,-1.498033147,-1.75773161
496,-1.426550388,-1.317279,-1.066334543,-1.324288784
497,0.154416866,0.185165454,0.411154433,0.205955065
498,0.461046149,0.45412164,0.675599492,0.484927237
499,0.06153806,0.114974002,0.472412685,0.142526698
500,-1.107928025,-1.005131648,-0.731786145,-1.006441406
501,-0.249474262,-0.170465542,0.068506743,-0.165482503
502,0.412298155,0.478814399,0.680457162,0.484816692
503,0.89169629,0.942504171,1.139766787,0.954329414
504,1.175144324,1.223407078,1.41693386,1.236201597
505,1.160642135,1.212599063,1.387347123,1.221758464
506,1.233514186,1.311226756,1.434939894,1.307471445
507,1.241919838,1.303999337,1.374219436,1.296487237
508,1.095250421,1.158366841,1.254450227,1.152893548
509,0.225867461,0.33180247,0.568648371,0.328528893
510,0.877792537,0.977981135,1.347183162,0.994252332
511,1.014304394,1.108089336,1.341553111,1.112440674
512,0.837165327,0.996460326,1.213892473,0.980265927
513,0.711524501,0.955582497,1.223074158,0.91937726
514,0.494777617,0.740323289,1.051157741,0.707415326
515,0.398916331,0.617128775,0.811873833,0.578268764
516,0.696777662,0.927306316,1.12722517,0.887601739
517,-0.066921364,0.113220102,0.287401992,0.080637893
518,0.357598994,0.690036112,0.859398313,0.614581201
519,-1.344393061,-1.103571423,-0.869326377,-1.151360469
520,-0.417496669,-0.229170743,0.030094267,-0.255573918
521,0.203919217,0.352378552,0.627100158,0.341414552
522,-0.336837496,-0.192725434,0.060890172,-0.207625789
523,0.167158089,0.313657384,0.514440975,0.292873914
524,0.963725096,1.099906974,1.299027179,1.084353306
525,1.216153295,1.351093162,1.498082766,1.331919285
526,1.184372799,1.329625061,1.443954072,1.30533807
527,1.057126949,1.222316355,1.304832726,1.189203593
528,0.89878187,1.064775423,1.131038618,1.028837353
529,0.78318687,0.951326443,0.998317835,0.91037978
530,0.913759316,1.063576653,1.087779428,1.025566441
531,0.981354306,1.151458269,1.160376225,1.107435974
532,1.119584025,1.240194247,1.24824633,1.207313685
533,0.655053116,0.844423486,0.902417599,0.797196329
534,0.827985861,1.005225587,1.066867405,0.963673594
535,1.101824569,1.257133884,1.303067544,1.220066596
536,0.832997825,1.056345949,1.183893011,1.010596637
537,0.809344711,1.080445722,1.188917652,1.019045041
538,1.071368324,1.254811555,1.383603866,1.219264892
539,0,0,0,0
540,0,0,0,0
541,0,0,0,0
542,0,0,0,0
543,0,0,0,0
544,0,0,0,0
545,0,0,0,0
546,0,0,0,0
547,0,0,0,0
548,0,0,0,0
549,0,0,0,0
550,0,0,0,0
551,0,0,0,0
552,0,0,0,0
553,0,0,0,0
554,0,0,0,0
555,0,0,0,0
556,0,0,0,0
557,0,0,0,0
558,0,0,0,0
559,0,0,0,0
560,0,0,0,0
561,0,0,0,0
562,0,0,0,0
563,0,0,0,0
564,0,0,0,0
565,0,0,0,0
566,0,0,0,0
567,0,0,0,0
568,0,0,0,0
569,0,0,0,0
570,0,0,0,0
571,0,0,0,0
572,0,0,0,0
573,0,0,0,0
574,0,0,0,0
575,0,0,0,0
576,0,0,0,0
577,0,0,0,0
578,0,0,0,0
579,0,0,0,0
580,0,0,0,0
581,0,0,0,0
582,0,0,0,0
583,0,0,0,0
584,0,0,0,0
585,0,0,0,0
586,0,0,0,0
587,0,0,0,0
588,0,0,0,0
589,0,0,0,0
590,0,0,0,0
591,1.223832741,1.350184086,1.475406012,1.331161926
592,1.244227487,1.335174131,1.445268087,1.32582612
593,1.285568652,1.374064423,1.4503504,1.36142699
594,1.26266101,1.37231149,1.417474579,1.348727862
595,1.296724787,1.422211694,1.424132565,1.388131216
596,1.275506268,1.411098169,1.412710081,1.374078736
597,1.178073257,1.318860302,1.315509257,1.280122423
598,0.645277086,0.76042098,0.786502668,0.729232268
599,1.0192888,1.187519006,1.168097866,1.139312504
600,1.163990533,1.299934713,1.321464924,1.265612782
602,1.110878236,1.17933508,1.346056328,1.182155152
604,0,0,0,0
606,0,0,0,0
608,0.149054873,0.27685563,0.366991125,0.247759131
610,0.884891707,0.974131085,1.068139243,0.960032957
612,1.22763014,1.30109266,1.387812728,1.291873983
614,1.22352662,1.295590865,1.375721685,1.285939193
616,1.325026339,1.445580922,1.441131631,1.412117536
618,1.325311817,1.437385942,1.421157669,1.404086932
620,1.291913648,1.4483139,1.424838779,1.403672507
622,1.230923495,1.340083156,1.352857957,1.311112382
624,1.236524858,1.373580181,1.299229095,1.327674669
626,0.978964082,1.101637679,1.109179684,1.068314104
628,1.163261999,1.238975094,1.167544632,1.213837958
630,0,0,0,0
632,0,0,0,0
634,0,0,0,0
636,0,0,0,0
638,0,0,0,0
640,0,0,0,0
642,0,0,0,0
644,0,0,0,0
646,0,0,0,0
648,0,0,0,0
650,0,0,0,0
652,0,0,0,0
654,0,0,0,0
656,0,0,0,0
658,0,0,0,0
660,0,0,0,0
662,0,0,0,0
664,0,0,0,0
666,0,0,0,0
668,0,0,0,0
670,0,0,0,0
672,0,0,0,0
674,0,0,0,0
676,0,0,0,0
678,0,0,0,0
680,0,0,0,0
682,0,0,0,0
684,0,0,0,0
686,0,0,0,0
688,0,0,0,0
690,0,0,0,0
692,0,0,0,0
694,0,0,0,0
696,0,0,0,0
698,0,0,0,0
700,0,0,0,0
702,0,0,0,0
704,0,0,0,0
706,0,0,0,0
708,0,0,0,0
710,0,0,0,0
712,0,0,0,0
714,0,0,0,0
716,0,0,0,0
718,0,0,0,0
720,0,0,0,0
722,0,0,0,0
724,0,0,0,0
726,0,0,0,0
728,0,0,0,0
730,0,0,0,0
732,0,0,0,0
734,0,0,0,0
736,0,0,0,0
738,0,0,0,0
740,0,0,0,0
742,0,0,0,0
744,0,0,0,0
746,0,0,0,0
748,0,0,0,0
750,0,0,0,0
752,0,0,0,0
754,0,0,0,0
756,0,0,0,0
758,0,0,0,0
760,0,0,0,0
762,0,0,0,0
764,0,0,0,0
766,0,0,0,0
768,0,0,0,0
770,0,0,0,0
772,0,0,0,0
774,0,0,0,0
776,0,0,0,0
778,0,0,0,0
780,0,0,0,0
782,0,0,0,0
784,0,0,0,0
786,0,0,0,0
788,0,0,0,0
790,0,0,0,0
792,0,0,0,0
794,0,0,0,0
796,0,0,0,0
798,0,0,0,0
800,0,0,0,0
802,0,0,0,0
804,0,0,0,0
806,0,0,0,0
808,0,0,0,0
810,0,0,0,0
812,0,0,0,0
814,0,0,0,0
816,0,0,0,0
818,0,0,0,0
820,0,0,0,0
822,0,0,0,0
824,0,0,0,0
826,0,0,0,0
828,0,0,0,0
830,0,0,0,0
832,0,0,0,0
834,0,0,0,0
836,0,0,0,0
838,0,0,0,0
840,0,0,0,0
842,0,0,0,0
844,0,0,0,0
846,0,0,0,0
848,0,0,0,0
850,0,0,0,0
852,0,0,0,0
854,0,0,0,0
856,0,0,0,0
858,0,0,0,0
860,0,0,0,0
862,0,0,0,0
864,0,0,0,0
866,0,0,0,0
868,0,0,0,0
870,0,0,0,0
872,0,0,0,0
874,0,0,0,0
876,0,0,0,0
878,0,0,0,0
880,0,0,0,0
882,0,0,0,0
884,0,0,0,0
886,0,0,0,0
888,0,0,0,0
890,0,0,0,0
892,0,0,0,0
894,0,0,0,0
896,0,0,0,0
898,0,0,0,0
900,0,0,0,0
902,0,0,0,0
904,0,0,0,0
906,0,0,0,0
908,0,0,0,0
910,0,0,0,0
912,0,0,0,0
914,0,0,0,0
916,0,0,0,0
918,0,0,0,0
920,0,0,0,0
922,0,0,0,0
924,0,0,0,0
926,0,0,0,0
928,0,0,0,0
930,0,0,0,0
932,0,0,0,0
934,0,0,0,0
936,0,0,0,0
938,0,0,0,0
940,0,0,0,0
942,0,0,0,0
944,0,0,0,0
946,0,0,0,0
948,0,0,0,0
950,0,0,0,0
952,0,0,0,0
954,0,0,0,0
956,0,0,0,0
958,0,0,0,0
960,0,0,0,0
962,0,0,0,0
964,0,0,0,0
966,0,0,0,0
968,0,0,0,0
970,0,0,0,0
972,0,0,0,0
974,0,0,0,0
976,0,0,0,0
978,0,0,0,0
980,0,0,0,0
982,0,0,0,0
984,0,0,0,0
986,0,0,0,0
988,0,0,0,0
990,0,0,0,0
992,0,0,0,0
994,0,0,0,0
996,0,0,0,0
998,0,0,0,0
1000,0,0,0,0
1002,0,0,0,0
1004,0,0,0,0
1006,0,0,0,0
1008,0,0,0,0
1010,0,0,0,0
1012,0,0,0,0
1014,0,0,0,0
1016,0,0,0,0
1018,0,0,0,0
1020,0,0,0,0
1022,0,0,0,0
1024,0,0,0,0
1026,0,0,0,0
1028,0,0,0,0
1030,0,0,0,0
1032,0,0,0,0
1034,0,0,0,0
1036,0,0,0,0
1038,0,0,0,0
1040,0,0,0,0
1042,0,0,0,0
1044,0,0,0,0
1046,0,0,0,0
1048,0,0,0,0
1050,0,0,0,0
1052,0,0,0,0
1054,0,0,0,0
1056,0,0,0,0
1058,0,0,0,0
1060,0,0,0,0
1062,0,0,0,0
1064,0,0,0,0
1066,0,0,0,0
1068,0,0,0,0
1070,0,0,0,0
1072,0,0,0,0
1074,0,0,0,0
1076,0,0,0,0
1078,0,0,0,0
1080,0,0,0,0
1082,0,0,0,0
1084,0,0,0,0
1086,0,0,0,0
1088,0,0,0,0
1090,0,0,0,0
1092,0,0,0,0
1094,0,0,0,0
1096,0,0,0,0
1098,0,0,0,0
1100,0,0,0,0
1102,0,0,0,0
1104,0,0,0,0
1106,0,0,0,0
1108,0,0,0,0
1110,0,0,0,0
1112,0,0,0,0
1114,0,0,0,0
1116,0,0,0,0
1118,0,0,0,0
1120,0,0,0,0
1122,0,0,0,0
1124,0,0,0,0
1126,0,0,0,0
1128,0,0,0,0
1130,0,0,0,0
1132,0,0,0,0
1134,0,0,0,0
1136,0,0,0,0
1138,0,0,0,0
1140,0,0,0,0
1142,0,0,0,0
1144,0,0,0,0
1146,0,0,0,0
1148,0,0,0,0
1150,0,0,0,0
1152,0,0,0,0
1154,0,0,0,0
1156,0,0,0,0
1158,0,0,0,0
1160,0,0,0,0
1162,0,0,0,0
1164,0,0,0,0
1166,0,0,0,0
1168,0,0,0,0
1170,0,0,0,0
1172,0,0,0,0
1174,0,0,0,0
1176,0,0,0,0
1178,0,0,0,0
1180,0,0,0,0
1182,0,0,0,0
1184,0,0,0,0
1186,0,0,0,0
1188,0,0,0,0
1190,0,0,0,0
1192,0,0,0,0
1194,0,0,0,0
1196,0,0,0,0
1198,0,0,0,0
1200,0,0,0,0
1202,0,0,0,0
1204,0,0,0,0
1206,0,0,0,0
1208,0,0,0,0
1210,0,0,0,0
1212,0,0,0,0
1214,0,0,0,0
1216,0,0,0,0
1218,0,0,0,0
1220,0,0,0,0
1222,0,0,0,0
1224,0,0,0,0
1226,0,0,0,0
1228,0,0,0,0
1230,0,0,0,0
1232,0,0,0,0
1234,0,0,0,0
1236,0,0,0,0
1238,0,0,0,0
1240,0,0,0,0
1242,0,0,0,0
1244,0,0,0,0
1246,0,0,0,0
1248,0,0,0,0
1250,0,0,0,0
1252,0,0,0,0
1254,0,0,0,0
1256,0,0,0,0
1258,0,0,0,0
1260,0,0,0,0
1262,0,0,0,0
1264,0,0,0,0
1266,0,0,0,0
1268,0,0,0,0
1270,0,0,0,0
1272,0,0,0,0
1274,0,0,0,0
1276,0,0,0,0
1278,0,0,0,0
1280,0,0,0,0
1282,0,0,0,0
1284,0,0,0,0
1286,0,0,0,0
1288,0,0,0,0
1290,0,0,0,0
1292,0,0,0,0
1294,0,0,0,0
1296,0,0,0,0
1298,0,0,0,0
1300,0,0,0,0
1302,0,0,0,0
1304,0,0,0,0
1306,0,0,0,0
1308,0,0,0,0
1310,0,0,0,0
1312,0,0,0,0
1314,0,0,0,0
1316,0,0,0,0
1318,0,0,0,0
1320,0,0,0,0
1322,0,0,0,0
1324,0,0,0,0
1326,0,0,0,0
1328,0,0,0,0
1330,0,0,0,0
1332,0,0,0,0
1334,0,0,0,0
1336,0,0,0,0
1338,0,0,0,0
1340,0,0,0,0
1342,0,0,0,0
1344,0,0,0,0
1346,0,0,0,0
1348,0,0,0,0
1350,0,0,0,0
1352,0,0,0,0
1354,0,0,0,0
1356,0,0,0,0
1358,0,0,0,0
1360,0,0,0,0
1362,0,0,0,0
1364,0,0,0,0
1366,0,0,0,0
1368,0,0,0,0
1370,0,0,0,0
1372,0,0,0,0
1374,0,0,0,0
1376,0,0,0,0
1378,0,0,0,0
1380,0,0,0,0
1382,0,0,0,0
1384,0,0,0,0
1386,0,0,0,0
1388,0,0,0,0
1390,0,0,0,0
1392,0,0,0,0
1394,0,0,0,0
1396,0,0,0,0
1398,0,0,0,0
1400,0,0,0,0
1402,0,0,0,0
1404,0,0,0,0
1406,0,0,0,0
1408,0,0,0,0
1410,0,0,0,0
1412,0,0,0,0
1414,0,0,0,0
1416,0,0,0,0
1418,0,0,0,0
1420,0,0,0,0
1422,0,0,0,0
1424,0,0,0,0
1426,0,0,0,0
1428,0,0,0,0
1430,0,0,0,0
1432,0,0,0,0
1434,0,0,0,0
1436,0,0,0,0
1438,0,0,0,0
1440,0,0,0,0
1442,0,0,0,0
1444,0,0,0,0
1446,0,0,0,0
1448,0,0,0,0
1450,0,0,0,0
1452,0,0,0,0
1454,0,0,0,0
1456,0,0,0,0
1458,0,0,0,0
1460,0,0,0,0
1462,0,0,0,0
1464,0,0,0,0
1466,0,0,0,0
1468,0,0,0,0
1470,0,0,0,0
1472,0,0,0,0
1474,0,0,0,0
1476,0,0,0,0
1478,0,0,0,0
1480,0,0,0,0
1482,0,0,0,0
1484,0,0,0,0
1486,0,0,0,0
1488,0,0,0,0
1490,0,0,0,0
1492,0,0,0,0
1494,0,0,0,0
1496,0,0,0,0
1498,0,0,0,0
1500,0,0,0,0
1503,0,0,0,0
1505,0,0,0,0
1508,0,0,0,0
1510,0,0,0,0
1513,0,0,0,0
1515,0,0,0,0
1518,0,0,0,0
1520,0,0,0,0
1523,0,0,0,0
1525,0,0,0,0
1528,0,0,0,0
1530,0,0,0,0
1533,0,0,0,0
1535,0,0,0,0
1538,0,0,0,0
1540,0,0,0,0
1543,0,0,0,0
1545,0,0,0,0
1548,0,0,0,0
1550,0,0,0,0
1553,0,0,0,0
1555,0,0,0,0
1558,0,0,0,0
1560,0,0,0,0
1563,0,0,0,0
1565,0,0,0,0
1568,0,0,0,0
1570,0,0,0,0
1573,0,0,0,0
1575,0,0,0,0
1578,0,0,0,0
1580,0,0,0,0
1583,0,0,0,0
1585,0,0,0,0
1588,0,0,0,0
1590,0,0,0,0
1593,0,0,0,0
1595,0,0,0,0
1598,0,0,0,0
1600,0,0,0,0
1603,0,0,0,0
1605,0,0,0,0
1608,0,0,0,0
1610,0,0,0,0
1613,0,0,0,0
1615,0,0,0,0
1618,0,0,0,0
1620,0,0,0,0
1623,0,0,0,0
1625,0,0,0,0
1628,0,0,0,0
1630,0,0,0,0
1633,0,0,0,0
1635,0,0,0,0
1638,0,0,0,0
1640,0,0,0,0
1643,0,0,0,0
1645,0,0,0,0
1648,0,0,0,0
1650,0,0,0,0
1653,0,0,0,0
1655,0,0,0,0
1658,0,0,0,0
1660,0,0,0,0
1663,0,0,0,0
1665,0,0,0,0
1668,0,0,0,0
1670,0,0,0,0
1673,0,0,0,0
1675,0,0,0,0
1678,0,0,0,0
1680,0,0,0,0
1683,0,0,0,0
1685,0,0,0,0
1688,0,0,0,0
1690,0,0,0,0
1693,0,0,0,0
1695,0,0,0,0
1698,0,0,0,0
1700,0,0,0,0
1703,0,0,0,0
1705,0,0,0,0
1708,0,0,0,0
1710,0,0,0,0
1713,0,0,0,0
1715,0,0,0,0
1718,0,0,0,0
1720,0,0,0,0
1723,0,0,0,0
1725,0,0,0,0
1728,0,0,0,0
1730,0,0,0,0
1733,0,0,0,0
1735,0,0,0,0
1738,0,0,0,0
1740,0,0,0,0
1743,0,0,0,0
1745,0,0,0,0
1748,0,0,0,0
1750,0,0,0,0
1753,0,0,0,0
1755,0,0,0,0
1758,0,0,0,0
1760,0,0,0,0
1763,0,0,0,0
1765,0,0,0,0
1768,0,0,0,0
1770,0,0,0,0
1773,0,0,0,0
1775,0,0,0,0
1778,0,0,0,0
1780,0,0,0,0
1783,0,0,0,0
1785,0,0,0,0
1788,0,0,0,0
1790,0,0,0,0
1793,0,0,0,0
1795,0,0,0,0
1798,0,0,0,0
1800,0,0,0,0
1803,0,0,0,0
1805,0,0,0,0
1808,0,0,0,0
1810,0,0,0,0
1813,0,0,0,0
1815,0,0,0,0
1818,0,0,0,0
1820,0,0,0,0
1823,0,0,0,0
1825,0,0,0,0
1828,0,0,0,0
1830,0,0,0,0
1833,0,0,0,0
1835,0,0,0,0
1838,0,0,0,0
1840,0,0,0,0
1843,0,0,0,0
1845,0,0,0,0
1848,0,0,0,0
1850,0,0,0,0
1853,0,0,0,0
1855,0,0,0,0
1858,0,0,0,0
1860,0,0,0,0
1863,0,0,0,0
1865,0,0,0,0
1868,0,0,0,0
1870,0,0,0,0
1873,0,0,0,0
1875,0,0,0,0
1878,0,0,0,0
1880,0,0,0,0
1883,0,0,0,0
1885,0,0,0,0
1888,0,0,0,0
1890,0,0,0,0
1893,0,0,0,0
1895,0,0,0,0
1898,0,0,0,0
1900,0,0,0,0
1903,0,0,0,0
1905,0,0,0,0
1908,0,0,0,0
1910,0,0,0,0
1913,0,0,0,0
1915,0,0,0,0
1918,0,0,0,0
1920,0,0,0,0
1923,0,0,0,0
1925,0,0,0,0
1928,0,0,0,0
1930,0,0,0,0
1933,0,0,0,0
1935,0,0,0,0
1938,0,0,0,0
1940,0,0,0,0
1943,0,0,0,0
1945,0,0,0,0
1948,0,0,0,0
1950,0,0,0,0
1953,0,0,0,0
1955,0,0,0,0
1958,0,0,0,0
1960,0,0,0,0
1963,0,0,0,0
1965,0,0,0,0
1968,0,0,0,0
1970,0,0,0,0
1973,0,0,0,0
1975,0,0,0,0
1978,0,0,0,0
1980,0,0,0,0
1983,0,0,0,0
1985,0,0,0,0
1988,0,0,0,0
1990,0,0,0,0
1993,0,0,0,0
1995,0,0,0,0
1998,0,0,0,0
2000,0,0,0,0
2003,0,0,0,0
2005,0,0,0,0
2008,0,0,0,0
2010,0,0,0,0
2013,0,0,0,0
2015,0,0,0,0
2018,0,0,0,0
2020,0,0,0,0
2023,0,0,0,0
2025,0,0,0,0
2028,0,0,0,0
2030,0,0,0,0
2033,0,0,0,0
2035,0,0,0,0
2038,0,0,0,0
2040,0,0,0,0
2043,0,0,0,0
2045,0,0,0,0
2048,0,0,0,0
2050,0,0,0,0
2053,0,0,0,0
2055,0,0,0,0
2058,0,0,0,0
2060,0,0,0,0
2063,0,0,0,0
2065,0,0,0,0
2068,0,0,0,0
2070,0,0,0,0
2073,0,0,0,0
2075,0,0,0,0
2078,0,0,0,0
2080,0,0,0,0
2083,0,0,0,0
2085,0,0,0,0
2088,0,0,0,0
2090,0,0,0,0
2093,0,0,0,0
2095,0,0,0,0
2098,0,0,0,0
2100,0,0,0,0
2103,0,0,0,0
2105,0,0,0,0
2108,0,0,0,0
2110,0,0,0,0
2113,0,0,0,0
2115,0,0,0,0
2118,0,0,0,0
2120,0,0,0,0
2123,0,0,0,0
2125,0,0,0,0
2128,0,0,0,0
2130,0,0,0,0
2133,0,0,0,0
2135,0,0,0,0
2138,0,0,0,0
2140,0,0,0,0
2143,0,0,0,0
2145,0,0,0,0
2148,0,0,0,0
2150,0,0,0,0
2153,0,0,0,0
2155,0,0,0,0
2158,0,0,0,0
2160,0,0,0,0
2163,0,0,0,0
2165,0,0,0,0
2168,0,0,0,0
2170,0,0,0,0
2173,0,0,0,0
2175,0,0,0,0
2178,0,0,0,0
2180,0,0,0,0
2183,0,0,0,0
2185,0,0,0,0
2188,0,0,0,0
2190,0,0,0,0
2193,0,0,0,0
2195,0,0,0,0
2198,0,0,0,0
2200,0,0,0,0
2203,0,0,0,0
2205,0,0,0,0
2208,0,0,0,0
2210,0,0,0,0
2213,0,0,0,0
2215,0,0,0,0
2218,0,0,0,0
2220,0,0,0,0
2223,0,0,0,0
2225,0,0,0,0
2228,0,0,0,0
2230,0,0,0,0
2233,0,0,0,0
2235,0,0,0,0
2238,0,0,0,0
2240,0,0,0,0
2243,0,0,0,0
2245,0,0,0,0
2248,0,0,0,0
2250,0,0,0,0
2253,0,0,0,0
2255,0,0,0,0
2258,0,0,0,0
2260,0,0,0,0
2263,0,0,0,0
2265,0,0,0,0
2268,0,0,0,0
2270,0,0,0,0
2273,0,0,0,0
2275,0,0,0,0
2278,0,0,0,0
2280,0,0,0,0
2283,0,0,0,0
2285,0,0,0,0
2288,0,0,0,0
2290,0,0,0,0
2293,0,0,0,0
2295,0,0,0,0
2298,0,0,0,0
2300,0,0,0,0
2303,0,0,0,0
2305,0,0,0,0
2308,0,0,0,0
2310,0,0,0,0
2313,0,0,0,0
2315,0,0,0,0
2318,0,0,0,0
2320,0,0,0,0
2323,0,0,0,0
2325,0,0,0,0
2328,0,0,0,0
2330,0,0,0,0
2333,0,0,0,0
2335,0,0,0,0
2338,0,0,0,0
2340,0,0,0,0
2343,0,0,0,0
2345,0,0,0,0
2348,0,0,0,0
2350,0,0,0,0
2353,0,0,0,0
2355,0,0,0,0
2358,0,0,0,0
2360,0,0,0,0
2363,0,0,0,0
2365,0,0,0,0
2368,0,0,0,0
2370,0,0,0,0
2373,0,0,0,0
2375,0,0,0,0
2378,0,0,0,0
2380,0,0,0,0
2383,0,0,0,0
2385,0,0,0,0
2388,0,0,0,0
2390,0,0,0,0
2393,0,0,0,0
2395,0,0,0,0
2398,0,0,0,0
2400,0,0,0,0
2403,0,0,0,0
2405,0,0,0,0
2408,0,0,0,0
2410,0,0,0,0
2413,0,0,0,0
2415,0,0,0,0
2418,0,0,0,0
2420,0,0,0,0
2423,0,0,0,0
2425,0,0,0,0
2428,0,0,0,0
2430,0,0,0,0
2433,0,0,0,0
2435,0,0,0,0
2438,0,0,0,0
2440,0,0,0,0
2443,0,0,0,0
2445,0,0,0,0
2448,0,0,0,0
2450,0,0,0,0
2453,0,0,0,0
2455,0,0,0,0
2458,0,0,0,0
2460,0,0,0,0
2463,0,0,0,0
2465,0,0,0,0
2468,0,0,0,0
2470,0,0,0,0
2473,0,0,0,0
2475,0,0,0,0
2478,0,0,0,0
2480,0,0,0,0
2483,0,0,0,0
2485,0,0,0,0
2488,0,0,0,0
2490,0,0,0,0
2493,0,0,0,0
2495,0,0,0,0
2498,0,0,0,0
2500,0,0,0,0
2503,0,0,0,0
2505,0,0,0,0
2508,0,0,0,0
2510,0,0,0,0
2513,0,0,0,0
2515,0,0,0,0
2518,0,0,0,0
2520,0,0,0,0
2523,0,0,0,0
2525,0,0,0,0
2528,0,0,0,0
2530,0,0,0,0
2533,0,0,0,0
2535,0,0,0,0
2538,0,0,0,0
2540,0,0,0,0
2543,0,0,0,0
2545,0,0,0,0
2548,0,0,0,0
2550,0,0,0,0
2553,0,0,0,0
2555,0,0,0,0
2558,0,0,0,0
2560,0,0,0,0
2563,0,0,0,0
2565,0,0,0,0
2568,0,0,0,0
2570,0,0,0,0
2573,0,0,0,0
2575,0,0,0,0
2578,0,0,0,0
2580,0,0,0,0
2583,0,0,0,0
2585,0,0,0,0
2588,0,0,0,0
2590,0,0,0,0
2593,0,0,0,0
2595,0,0,0,0
2598,0,0,0,0
2600,0,0,0,0
2603,0,0,0,0
2605,0,0,0,0
2608,0,0,0,0
2610,0,0,0,0
2613,0,0,0,0
2615,0,0,0,0
2618,0,0,0,0
2620,0,0,0,0
2623,0,0,0,0
2625,0,0,0,0
2628,0,0,0,0
2630,0,0,0,0
2633,0,0,0,0
2635,0,0,0,0
2638,0,0,0,0
2640,0,0,0,0
2643,0,0,0,0
2645,0,0,0,0
2648,0,0,0,0
2650,0,0,0,0
2653,0,0,0,0
2655,0,0,0,0
2658,0,0,0,0
2660,0,0,0,0
2663,0,0,0,0
2665,0,0,0,0
2668,0,0,0,0
2670,0,0,0,0
2673,0,0,0,0
2675,0,0,0,0
2678,0,0,0,0
2680,0,0,0,0
2683,0,0,0,0
2685,0,0,0,0
2688,0,0,0,0
2690,0,0,0,0
2693,0,0,0,0
2695,0,0,0,0
2698,0,0,0,0
2700,0,0,0,0
2703,0,0,0,0
2705,0,0,0,0
2708,0,0,0,0
2710,0,0,0,0
2713,0,0,0,0
2715,0,0,0,0
2718,0,0,0,0
2720,0,0,0,0
2723,0,0,0,0
2725,0,0,0,0
2728,0,0,0,0
2730,0,0,0,0
2733,0,0,0,0
2735,0,0,0,0
2738,0,0,0,0
2740,0,0,0,0
2743,0,0,0,0
2745,0,0,0,0
2748,0,0,0,0
2750,0,0,0,0
2753,0,0,0,0
2755,0,0,0,0
2758,0,0,0,0
2760,0,0,0,0
2763,0,0,0,0
2765,0,0,0,0
2768,0,0,0,0
2770,0,0,0,0
2773,0,0,0,0
2775,0,0,0,0
2778,0,0,0,0
2780,0,0,0,0
2783,0,0,0,0
2785,0,0,0,0
2788,0,0,0,0
2790,0,0,0,0
2793,0,0,0,0
2795,0,0,0,0
2798,0,0,0,0
2800,0,0,0,0
2803,0,0,0,0
2805,0,0,0,0
2808,0,0,0,0
2810,0,0,0,0
2813,0,0,0,0
2815,0,0,0,0
2818,0,0,0,0
2820,0,0,0,0
2823,0,0,0,0
2825,0,0,0,0
2828,0,0,0,0
2830,0,0,0,0
2833,0,0,0,0
2835,0,0,0,0
2838,0,0,0,0
2840,0,0,0,0
2843,0,0,0,0
2845,0,0,0,0
2848,0,0,0,0
2850,0,0,0,0
2853,0,0,0,0
2855,0,0,0,0
2858,0,0,0,0
2860,0,0,0,0
2863,0,0,0,0
2865,0,0,0,0
2868,0,0,0,0
2870,0,0,0,0
2873,0,0,0,0
2875,0,0,0,0
2878,0,0,0,0
2880,0,0,0,0
2883,0,0,0,0
2885,0,0,0,0
2888,0,0,0,0
2890,0,0,0,0
2893,0,0,0,0
2895,0,0,0,0
2898,0,0,0,0
2900,0,0,0,0
2903,0,0,0,0
2905,0,0,0,0
2908,0,0,0,0
2910,0,0,0,0
2913,0,0,0,0
2915,0,0,0,0
2918,0,0,0,0
2920,0,0,0,0
2923,0,0,0,0
2925,0,0,0,0
2928,0,0,0,0
2930,0,0,0,0
2933,0,0,0,0
2935,0,0,0,0
2938,0,0,0,0
2940,0,0,0,0
2943,0,0,0,0
2945,0,0,0,0
2948,0,0,0,0
2950,0,0,0,0
2953,0,0,0,0
2955,0,0,0,0
2958,0,0,0,0
2960,0,0,0,0
2963,0,0,0,0
2965,0,0,0,0
2968,0,0,0,0
2970,0,0,0,0
2973,0,0,0,0
2975,0,0,0,0
2978,0,0,0,0
2980,0,0,0,0
2983,0,0,0,0
2985,0,0,0,0
2988,0,0,0,0
2990,0,0,0,0
2993,0,0,0,0
2995,0,0,0,0
2998,0,0,0,0
3000,0,0,0,0
3005,0,0,0,0
3010,0,0,0,0
3015,0,0,0,0
3020,0,0,0,0
3025,0,0,0,0
3030,0,0,0,0
3035,0,0,0,0
3040,0,0,0,0
3045,0,0,0,0
3050,0,0,0,0
3055,0,0,0,0
3060,0,0,0,0
3065,0,0,0,0
3070,0,0,0,0
3075,0,0,0,0
3080,0,0,0,0
3085,0,0,0,0
3090,0,0,0,0
3095,0,0,0,0
3100,0,0,0,0
3105,0,0,0,0
3110,0,0,0,0
3115,0,0,0,0
3120,0,0,0,0
3125,0,0,0,0
3130,0,0,0,0
3135,0,0,0,0
3140,0,0,0,0
3145,0,0,0,0
3150,0,0,0,0
3155,0,0,0,0
3160,0,0,0,0
3165,0,0,0,0
3170,0,0,0,0
3175,0,0,0,0
3180,0,0,0,0
3185,0,0,0,0
3190,0,0,0,0
3195,0,0,0,0
3200,0,0,0,0
3205,0,0,0,0
3210,0,0,0,0
3215,0,0,0,0
3220,0,0,0,0
3225,0,0,0,0
3230,0,0,0,0
3235,0,0,0,0
3240,0,0,0,0
3245,0,0,0,0
3250,0,0,0,0
3255,0,0,0,0
3260,0,0,0,0
3265,0,0,0,0
3270,0,0,0,0
3275,0,0,0,0
3280,0,0,0,0
3285,0,0,0,0
3290,0,0,0,0
3295,0,0,0,0
3300,0,0,0,0
3305,0,0,0,0
3310,0,0,0,0
3315,0,0,0,0
3320,0,0,0,0
3325,0,0,0,0
3330,0,0,0,0
3335,0,0,0,0
3340,0,0,0,0
3345,0,0,0,0
3350,0,0,0,0
3355,0,0,0,0
3360,0,0,0,0
3365,0,0,0,0
3370,0,0,0,0
3375,0,0,0,0
3380,0,0,0,0
3385,0,0,0,0
3390,0,0,0,0
3395,0,0,0,0
3400,0,0,0,0
3405,0,0,0,0
3410,0,0,0,0
3415,0,0,0,0
3420,0,0,0,0
3425,0,0,0,0
3430,0,0,0,0
3435,0,0,0,0
3440,0,0,0,0
3445,0,0,0,0
3450,0,0,0,0
3455,0,0,0,0
3460,0,0,0,0
3465,0,0,0,0
3470,0,0,0,0
3475,0,0,0,0
3480,0,0,0,0
3485,0,0,0,0
3490,0,0,0,0
3495,0,0,0,0
3500,0,0,0,0
3505,0,0,0,0
3510,0,0,0,0
3515,0,0,0,0
3520,0,0,0,0
3525,0,0,0,0
3530,0,0,0,0
3535,0,0,0,0
3540,0,0,0,0
3545,0,0,0,0
3550,0,0,0,0
3555,0,0,0,0
3560,0,0,0,0
3565,0,0,0,0
3570,0,0,0,0
3575,0,0,0,0
3580,0,0,0,0
3585,0,0,0,0
3590,0,0,0,0
3595,0,0,0,0
3600,0,0,0,0
3605,0,0,0,0
3610,0,0,0,0
3615,0,0,0,0
3620,0,0,0,0
3625,0,0,0,0
3630,0,0,0,0
3635,0,0,0,0
3640,0,0,0,0
3645,0,0,0,0
3650,0,0,0,0
3655,0,0,0,0
3660,0,0,0,0
3665,0,0,0,0
3670,0,0,0,0
3675,0,0,0,0
3680,0,0,0,0
3685,0,0,0,0
3690,0,0,0,0
3695,0,0,0,0
3700,0,0,0,0
3705,0,0,0,0
3710,0,0,0,0
3715,0,0,0,0
3720,0,0,0,0
3725,0,0,0,0
3730,0,0,0,0
3735,0,0,0,0
3740,0,0,0,0
3745,0,0,0,0
3750,0,0,0,0
3755,0,0,0,0
3760,0,0,0,0
3765,0,0,0,0
3770,0,0,0,0
3775,0,0,0,0
3780,0,0,0,0
3785,0,0,0,0
3790,0,0,0,0
3795,0,0,0,0
3800,0,0,0,0
3805,0,0,0,0
3810,0,0,0,0
3815,0,0,0,0
3820,0,0,0,0
3825,0,0,0,0
3830,0,0,0,0
3835,0,0,0,0
3840,0,0,0,0
3845,0,0,0,0
3850,0,0,0,0
3855,0,0,0,0
3860,0,0,0,0
3865,0,0,0,0
3870,0,0,0,0
3875,0,0,0,0
3880,0,0,0,0
3885,0,0,0,0
3890,0,0,0,0
3895,0,0,0,0
3900,0,0,0,0
3905,0,0,0,0
3910,0,0,0,0
3915,0,0,0,0
3920,0,0,0,0
3925,0,0,0,0
3930,0,0,0,0
3935,0,0,0,0
3940,0,0,0,0
3945,0,0,0,0
3950,0,0,0,0
3955,0,0,0,0
3960,0,0,0,0
3965,0,0,0,0
3970,0,0,0,0
3975,0,0,0,0
3980,0,0,0,0
3985,0,0,0,0
3990,0,0,0,0
3995,0,0,0,0
4000,0,0,0,0
4005,0,0,0,0
4010,0,0,0,0
4015,0,0,0,0
4020,0,0,0,0
4025,0,0,0,0
4030,0,0,0,0
4035,0,0,0,0
4040,0,0,0,0
4045,0,0,0,0
4050,0,0,0,0
4055,0,0,0,0
4060,0,0,0,0
4065,0,0,0,0
4070,0,0,0,0
4075,0,0,0,0
4080,0,0,0,0
4085,0,0,0,0
4090,0,0,0,0
4095,0,0,0,0
4100,0,0,0,0
4105,0,0,0,0
4110,0,0,0,0
4115,0,0,0,0
4120,0,0,0,0
4125,0,0,0,0
4130,0,0,0,0
4135,0,0,0,0
4140,0,0,0,0
4145,0,0,0,0
4150,0,0,0,0
4155,0,0,0,0
4160,0,0,0,0
4165,0,0,0,0
4170,0,0,0,0
4175,0,0,0,0
4180,0,0,0,0
4185,0,0,0,0
4190,0,0,0,0
4195,0,0,0,0
4200,0,0,0,0
4205,0,0,0,0
4210,0,0,0,0
4215,0,0,0,0
4220,0,0,0,0
4225,0,0,0,0
4230,0,0,0,0
4235,0,0,0,0
4240,0,0,0,0
4245,0,0,0,0
4250,0,0,0,0
4255,0,0,0,0
4260,0,0,0,0