Age (ka),  SST Depth (amcd),SST (°C)
0,0.17,18.17
6.91,0.25,19
8.51,0.35,18.6
11.39,0.53,16.37
13.63,0.67,15.37
16.19,0.83,13
17.47,0.91,12.28
19.71,1.05,11.21
21.95,1.19,13.6
25.47,1.41,12.3
26.75,1.49,12.3
28.35,1.59,11.81
31.55,1.79,12.91
32.19,1.83,12.84
33.79,1.93,14.02
36.67,2.11,13.62
38.27,2.21,15.04
38.91,2.25,15.6
41.79,2.43,15.67
43.71,2.55,15.4
45.63,2.67,15.87
46.27,2.71,14.81
46.59,2.73,15.53
47.23,2.77,15.8
48.51,2.85,16.13
49.47,2.91,14.99
51.06,3.01,16.45
52.34,3.09,16.34
53.94,3.19,16
55.22,3.27,16.14
56.58,3.35,15.23
57.26,3.39,15.56
58.29,3.45,13.35
59.31,3.51,12.83
60.34,3.57,13.34
61.02,3.61,11.99
62.04,3.67,11.89
64.09,3.79,12.72
65.8,3.89,14.51
67.63,3.99,15.65
69.77,4.09,16.21
70.62,4.13,14.75
72.75,4.23,15.6
74.46,4.31,16.96
75.31,4.35,16.36
76.59,4.41,16.22
78.3,4.49,16.46
79.81,4.55,17.59
81.41,4.61,15.64
83.81,4.7,16.83
87.01,4.82,17.81
89.94,4.93,15.65
93.14,5.05,17.63
96.08,5.16,19.89
99.28,5.28,18.01
102.48,5.4,15.96
105.14,5.5,17.11
106.21,5.54,14.89
107.81,5.6,16.04
108.88,5.64,16.52
110.21,5.69,16.34
111.81,5.75,16.51
112.87,5.79,15.87
114.21,5.84,15.73
115.27,5.88,16.28
117.41,5.96,17.57
120.07,6.06,17.48
123.54,6.19,18.77
126.21,6.29,18.82
128.87,6.39,18.2
130.47,6.45,15.37
132.34,6.52,14.77
135,6.62,14.3
137.51,6.72,15.87
139.86,6.83,15.64
141.99,6.93,15.98
142.42,6.95,16.2
144.13,7.03,15.84
146.26,7.13,15.13
148.6,7.24,14.71
150.74,7.34,14.75
152.87,7.44,15.91
155.22,7.55,13.39
157.35,7.65,13.27
159.48,7.75,14.5
161.83,7.86,14.32
163.54,7.94,15.17
165.24,8.02,15.58
166.95,8.1,15.96
168.87,8.19,15.69
170.57,8.27,15.64
172.28,8.35,15.5
174.2,8.44,14.71
177.26,8.56,14.42
179.93,8.66,14.15
182.6,8.76,14.67
185.26,8.86,14.32
187.13,8.93,15.11
189.26,9.01,14.58
190.97,9.07,16.7
193.81,9.17,16.58
196.37,9.26,15.73
199.21,9.36,16.23
202.2,9.46,17.56
205.39,9.56,15.9
208.59,9.66,16.41
212.49,9.76,18.94
217.19,9.87,17.88
221.43,9.97,14.96
224.99,10.07,14.66
228.54,10.17,15.21
232.46,10.28,16.35
233.17,10.3,17.13
236,10.38,17.12
239.2,10.48,17.35
241.12,10.54,16.89
242.4,10.58,14.81
244.32,10.64,12.96
245.49,10.68,13.46
249.76,10.83,14.35
250.9,10.87,15.11
253.46,10.96,15.9
256.3,11.06,14.22
258.86,11.18,15.38
262.51,11.39,15.21
265.41,11.56,15.23
268.82,11.76,14.42
270.53,11.86,12.93
273.94,12.06,12.55
275.99,12.18,12.99
279.4,12.38,15.05
281.11,12.48,16.26
284.52,12.68,16.59
286.23,12.78,17.01
287.93,12.88,17.34
289.64,12.98,17.02
291.35,13.08,14.45
293.05,13.18,11.65
294.91,13.28,13.72
295.34,13.3,13.93
297.47,13.4,13.38
299.6,13.5,15.4
301.74,13.6,15.22
304.12,13.7,15.85
306.78,13.8,15.36
309.45,13.9,15.9
312.11,14,15.97
314.78,14.1,15.92
317.45,14.2,15.47
317.98,14.22,16.16
318.52,14.24,16.2
319.05,14.26,14.48
319.59,14.28,13.94
320.13,14.3,14.1
320.66,14.32,15.25
321.2,14.34,15.83
321.74,14.36,17.17
322.27,14.38,16.37
322.81,14.4,16.95
323.34,14.42,16.77
323.88,14.44,17.23
324.42,14.46,17.31
324.95,14.48,16.57
325.49,14.5,16.1
326.02,14.52,17.31
326.56,14.54,18
327.1,14.56,16.55
327.65,14.58,17.26
328.21,14.6,17.19
328.77,14.62,17.29
329.33,14.64,17.59
329.89,14.66,16.95
330.44,14.68,17.4
331,14.7,17.13
331.56,14.72,16.73
332.12,14.74,16.49
332.67,14.76,14.93
333.23,14.78,14.48
333.79,14.8,13.27
334.35,14.82,13.35
334.9,14.84,12.01
335.46,14.86,11.99
336.02,14.88,11.67
336.58,14.9,9.93
337.13,14.92,9.45
337.69,14.94,8.88
338.25,14.96,9.94
338.76,14.98,10.66
339.2,15,10.48
339.65,15.02,11.94
340.09,15.04,12.59
340.54,15.06,12.54
340.99,15.08,12.75
341.43,15.1,12.83
341.88,15.12,13.33
342.33,15.14,12.58
342.77,15.16,13.89
343.22,15.18,13.74
343.66,15.2,14.23
344.08,15.22,14.51
344.5,15.24,14.3
344.92,15.26,14.48
345.33,15.28,13.48
345.75,15.3,13.94
346.17,15.32,12.35
346.59,15.34,12.93
347.01,15.36,12.78
347.43,15.38,12.69
347.8,15.4,14.92
348.17,15.42,15.26
348.54,15.44,15.03
348.91,15.46,15.77
349.28,15.48,13.79
349.66,15.5,14.57
350.03,15.52,13.79
350.4,15.54,13.72
350.77,15.56,14.2
351.14,15.58,14.04
351.51,15.6,14.64
351.89,15.62,14.57
352.26,15.64,15.29
352.63,15.66,12.85
353,15.68,14.6
353.37,15.7,14.05
353.75,15.72,15.48
354.12,15.74,14.63
354.49,15.76,12.34
354.86,15.78,11.04
355.23,15.8,11.95
355.6,15.82,8.62
355.98,15.84,10.15
356.35,15.86,9.01
356.72,15.88,11.14
357.09,15.9,8.66
357.46,15.92,7.98
357.83,15.94,9.7
358.21,15.96,9.6
358.58,15.98,9.44
358.95,16,10.55
359.32,16.02,11.47
359.69,16.04,13.54
360.07,16.06,11.61
360.44,16.08,12.27
360.81,16.1,12.41
361.18,16.12,12.28
361.55,16.14,12.57
361.92,16.16,11.59
362.3,16.18,12.25
362.67,16.2,12.94
363.04,16.22,13.17
363.41,16.24,13.2
363.78,16.26,12.72
364.15,16.28,12.44
364.34,16.29,12.79
364.53,16.3,13.31
364.71,16.31,13.36
364.9,16.32,13.56
365.08,16.33,12.99
365.27,16.34,12.65
365.46,16.35,13.01
365.64,16.36,12.39
365.83,16.37,12.76
366.01,16.38,12.34
366.2,16.39,12.92
366.39,16.4,12.97
366.57,16.41,13.46
366.76,16.42,13.59
367.13,16.44,13.27
367.13,16.44,13.05
367.5,16.46,13.46
367.5,16.46,12.21
367.87,16.48,14.32
367.87,16.48,13.35
368.24,16.5,14.41
368.24,16.5,12.56
368.62,16.52,13.75
368.62,16.52,14.64
368.99,16.54,14.68
368.99,16.54,14.21
369.36,16.56,14.77
369.73,16.58,14.49
370.1,16.6,14.87
370.47,16.62,15.57
370.85,16.64,15.8
371.22,16.66,14.71
371.59,16.68,16.18
371.96,16.7,15.39
372.33,16.72,16.2
372.7,16.74,14.9
373.08,16.76,16.26
373.63,16.79,16.03
374.01,16.81,16
374.38,16.83,15.44
374.75,16.85,15.72
375.12,16.87,13.82
375.49,16.89,14.16
376.24,16.93,14.7
376.61,16.95,14.17
376.98,16.97,15.01
377.35,16.99,15.63
377.72,17.01,15.81
378.12,17.03,15.93
378.54,17.05,16.06
378.96,17.07,14.75
379.38,17.09,15.83
379.8,17.11,14.57
380.42,17.14,16.01
380.84,17.16,16.58
381.26,17.18,16.67
381.68,17.2,16.12
382.1,17.22,16.25
382.51,17.24,17.17
382.93,17.26,17.52
383.77,17.3,17.39
384.19,17.32,16.58
384.61,17.34,15.86
385.02,17.36,14.32
385.44,17.38,15.84
385.86,17.4,15.91
386.28,17.42,15.82
386.7,17.44,16.72
387.11,17.46,16.83
387.74,17.49,16.64
388.16,17.51,17.4
388.58,17.53,17.3
389,17.55,16.67
389.41,17.57,15.26
389.83,17.59,14.12
390.25,17.61,13.08
390.67,17.63,12.49
391.09,17.65,12.53
391.51,17.67,13.08
391.92,17.69,16.03
392.34,17.71,16.21
392.76,17.73,15.2
393.18,17.75,16.48
393.6,17.77,16.32
394.01,17.79,16.28
394.43,17.81,15.82
394.85,17.83,16.93
395.48,17.86,16.11
395.9,17.88,16.18
396.32,17.9,17.36
396.73,17.92,17.35
397.15,17.94,17.16
397.57,17.96,17.45
397.99,17.98,18.04
398.41,18,18.6
398.82,18.02,17.05
399.24,18.04,18.25
399.66,18.06,18.2
400.08,18.08,17.59
400.5,18.1,18.81
400.92,18.12,18.54
401.33,18.14,17.87
401.75,18.16,18.21
402.17,18.18,18.16
402.59,18.2,20.09
403.22,18.23,19.21
403.63,18.25,18.33
404.05,18.27,18.37
404.47,18.29,19.07
404.89,18.31,18.69
405.31,18.33,18.53
405.73,18.35,19.65
406.14,18.37,18.91
406.56,18.39,18.32
407.4,18.43,18.01
407.82,18.45,20
408.23,18.47,17.98
408.65,18.49,18.33
409.07,18.51,18.35
409.49,18.53,18.46
409.91,18.55,17.61
410.32,18.57,18.07
410.95,18.6,16.54
411.79,18.64,16.32
412.21,18.66,16.48
412.62,18.68,16.36
413.04,18.7,15.98
413.46,18.72,17.72
413.88,18.74,18.56
414.3,18.76,19.1
414.72,18.78,18.8
415.13,18.8,19.14
415.34,18.81,18.22
415.76,18.83,18.38
416.18,18.85,18.93
416.6,18.87,19.04
417.02,18.89,16.99
417.43,18.91,18.47
417.85,18.93,18.26
418.27,18.95,17.91
418.69,18.97,18.08
419.11,18.99,17.1
419.32,19,18.07
419.74,19.02,17.98
420.15,19.04,16.54
420.57,19.06,18
420.99,19.08,16.86
421.41,19.1,17.7
421.83,19.12,17.19
422.24,19.14,18.08
422.66,19.16,17.7
423.08,19.18,17.37
423.29,19.19,16.68
423.71,19.21,16.81
424.13,19.23,14.18
424.54,19.25,14.09
424.96,19.27,15.29
425.38,19.29,13.02
425.8,19.31,9.65
426.22,19.33,10.3
426.63,19.35,11.06
427.05,19.37,9.23
427.47,19.39,9.89
427.89,19.41,8.03
428.31,19.43,8.57
428.73,19.45,10.88
429.14,19.47,7.65
429.56,19.49,11.51
429.98,19.51,11.96
430.4,19.53,11.87
430.82,19.55,11.56
431.24,19.57,11.53
431.65,19.59,14.05
432.07,19.61,11.76
432.49,19.63,12.08
432.91,19.65,11.58
433.33,19.67,12.38
433.74,19.69,9.89
434.16,19.71,10.04
434.58,19.73,8.04
435,19.75,7.88
435.42,19.77,11.29
435.84,19.79,9.71
436.25,19.81,12.22
436.67,19.83,11.99
437.09,19.85,11.17
437.51,19.87,10.29
437.93,19.89,9.3
438.35,19.91,8.91
438.76,19.93,10.44
439.18,19.95,10.52
439.6,19.97,10.03
440.02,19.99,10.89
440.44,20.01,10.52
440.85,20.03,11.14
441.27,20.05,10.84
441.69,20.07,10.92
442.11,20.09,11.33
442.53,20.11,10.79
442.95,20.13,11.45
443.36,20.15,11.69
443.78,20.17,11.84
444.2,20.19,12.48
444.62,20.21,12.12
445.04,20.23,11.53
445.45,20.25,11.77
445.87,20.27,11.96
446.29,20.29,13.4
446.71,20.31,13.17
447.13,20.33,13.38
447.54,20.35,13.52
447.96,20.37,13.67
448.38,20.39,13.86
448.8,20.41,13.21
449.22,20.43,12.43
449.64,20.45,13.69
450.05,20.47,13.42
450.47,20.49,15.18
450.89,20.51,14.35
451.31,20.53,14.08
451.73,20.55,13.26
452.15,20.57,11.06
452.56,20.59,11.45
452.98,20.61,11.02
453.4,20.63,10.56
453.82,20.65,11.47
454.24,20.67,11.62
454.66,20.69,12.45
455.07,20.71,11.57
455.49,20.73,9.54
455.91,20.75,10.3
456.33,20.77,9.62
456.75,20.79,11.89
457.16,20.81,12.62
457.58,20.83,12.96
458,20.85,13.33
458.42,20.87,12.7
458.84,20.89,14.91
459.26,20.91,14.47
459.67,20.93,13.93
460.09,20.95,13.17
460.51,20.97,11.29
461.14,21,11.88
461.77,21.03,11.28
462.18,21.05,11.6
463.86,21.13,11.65
464.69,21.17,12.03
465.11,21.19,12.29
465.53,21.21,12.3
465.74,21.22,12.01
466.15,21.24,12.83
466.57,21.26,12.59
466.99,21.28,13.41
467.2,21.29,14.22
467.62,21.31,13.67
468.04,21.33,15.16
468.25,21.34,15.09
468.66,21.36,14
469.08,21.38,11.24
469.5,21.4,10.23
469.92,21.42,10.81
470.34,21.44,10.03
471.38,21.49,11.41
471.8,21.51,10.42
472.22,21.53,11.76
472.64,21.55,12.2
472.85,21.56,12.45
473.05,21.57,13.34
473.23,21.58,13.83
473.42,21.59,13.54
473.6,21.6,13.71
473.79,21.61,13.54
473.98,21.62,13.79
474.16,21.63,12.54
474.35,21.64,13.93
474.53,21.65,15
474.72,21.66,12.93
474.91,21.67,15.69
475.09,21.68,15.59
475.28,21.69,14.94
475.46,21.7,17.27
475.83,21.72,16.2
475.83,21.72,16.12
476.21,21.74,15.3
476.21,21.74,13.82
476.58,21.76,14.79
476.58,21.76,14.63
476.95,21.78,14.04
476.95,21.78,13.5
477.32,21.8,14.44
477.32,21.8,13.19
477.69,21.82,13.89
477.69,21.82,13.69
478.06,21.84,13.04
478.06,21.84,13.87
478.4,21.86,12.73
478.73,21.88,12.82
479.06,21.9,12.62
479.4,21.92,15.57
479.73,21.94,15.14
480.07,21.96,16.5
480.4,21.98,16.52
480.74,22,14.46
481.07,22.02,14.89
481.41,22.04,13.67
481.74,22.06,13.58
482.08,22.08,13.39
482.41,22.1,13.67
482.74,22.12,13.51
483.08,22.14,13.73
483.41,22.16,13.46
483.75,22.18,15.8
484.08,22.2,14.36
484.75,22.24,16.58
485.09,22.26,15.19
485.42,22.28,14.42
485.76,22.3,14.89
486.09,22.32,14.95
486.43,22.34,14.98
486.76,22.36,16.2
487.09,22.38,15.97
487.43,22.4,16.25
487.76,22.42,14.09
488.1,22.44,16.8
488.43,22.46,15.75
488.77,22.48,16.9
489.1,22.5,15.21
489.44,22.52,16.7
490.11,22.56,16.59
490.44,22.58,16.93
491.11,22.62,17.9
491.44,22.64,17.75
491.78,22.66,18.83
492.11,22.68,17.85
492.78,22.72,18.84
493.12,22.74,17.65
493.45,22.76,15.68
493.79,22.78,18.48
494.12,22.8,17.09
494.45,22.82,17.98
494.79,22.84,16.85
495.12,22.86,16.69
495.46,22.88,17.52
495.79,22.9,16.23
496.13,22.92,17.6
496.46,22.94,17.57
497.13,22.98,17.29
497.47,23,19.94
497.8,23.02,18.3
498.13,23.04,17.87
498.47,23.06,17.4
498.8,23.08,17.44
499.47,23.12,17.09
499.81,23.14,16.01
500.14,23.16,17.05
500.48,23.18,17.46
500.81,23.2,16.01
501.1,23.22,16.98
501.38,23.24,16.42
501.66,23.26,16.42
501.94,23.28,18.21
502.2,23.3,20.16
502.42,23.32,17.81
502.64,23.34,16.6
502.87,23.36,16.53
503.09,23.38,16.74
503.31,23.4,16.68
503.54,23.42,15.37
503.76,23.44,15.51
503.98,23.46,15.94
504.2,23.48,15.82
504.43,23.5,16.1
504.65,23.52,16.73
504.87,23.54,15.99
505.1,23.56,15.66
505.32,23.58,15.61
505.54,23.6,16
505.77,23.62,16.14
505.99,23.64,16.1
506.21,23.66,16.1
506.43,23.68,14.76
506.66,23.7,15.36
506.88,23.72,14.5
507.1,23.74,13.96
507.33,23.76,16.99
507.55,23.78,16.46
507.77,23.8,16.65
508,23.82,16.84
508.22,23.84,16.3
508.44,23.86,16.07
508.67,23.88,16.22
508.89,23.9,16.49
509.11,23.92,15.19
509.33,23.94,15.33
509.56,23.96,14.74
509.78,23.98,14.05
510,24,14.16
510.23,24.02,14.13
510.45,24.04,15.24
510.67,24.06,16.23
510.9,24.08,16.37
511.12,24.1,16.84
511.34,24.12,16.74
511.56,24.14,16.41
511.79,24.16,16.95
512.01,24.18,16.72
512.23,24.2,17.37
512.46,24.22,17.08
512.68,24.24,17.23
512.9,24.26,17
513.13,24.28,17.59
513.35,24.3,16.69
513.57,24.32,16.94
513.8,24.34,16.86
514.02,24.36,17.04
514.24,24.38,17.32
514.46,24.4,17.04
514.69,24.42,16.74
514.91,24.44,17.62
515.13,24.46,17.94
515.36,24.48,17.48
515.58,24.5,16.92
515.8,24.52,16.43
516.03,24.54,17.44
516.25,24.56,16.57
516.47,24.58,17.28
516.69,24.6,17.43
516.92,24.62,16.63
517.14,24.64,16.77
517.36,24.66,16.94
517.59,24.68,16.71
517.81,24.7,17.12
518.03,24.72,16.86
518.26,24.74,17.21
518.48,24.76,17.15
518.7,24.78,17.16
518.93,24.8,16.78
519.15,24.82,16.97
519.37,24.84,16.32
519.59,24.86,16.56
519.82,24.88,17.38
520.04,24.9,16.89
520.26,24.92,16.72
520.49,24.94,16.4
520.71,24.96,17.21
520.93,24.98,16.75
521.16,25,17
521.38,25.02,17.77
521.6,25.04,16.79
521.82,25.06,17.54
522.05,25.08,17.9
522.27,25.1,16.57
522.49,25.12,16.93
522.72,25.14,17.44
522.94,25.16,16.68
523.16,25.18,16.43
523.39,25.2,16.99
523.61,25.22,16.73
523.83,25.24,16.98
524.06,25.26,16.78
524.28,25.28,17.16
524.5,25.3,17.16
524.72,25.32,17.14
524.95,25.34,16.98
525.17,25.36,17.06
525.39,25.38,17.03
525.62,25.4,17.26
525.84,25.42,16.82
526.06,25.44,16.9
526.29,25.46,17.07
526.51,25.48,16.62
526.73,25.5,15.85
526.95,25.52,15.63
527.18,25.54,15.4
527.4,25.56,15.55
527.62,25.58,15.97
527.85,25.6,15.85
528.07,25.62,16.39
528.29,25.64,16.49
528.52,25.66,16.88
528.74,25.68,16.68
528.96,25.7,15.69
529.19,25.72,16.43
529.41,25.74,16.59
529.63,25.76,16.52
529.85,25.78,16.75
530.08,25.8,15.99
530.3,25.82,16.26
530.52,25.84,16.03
530.75,25.86,16.14
530.97,25.88,16.56
531.19,25.9,16.03
531.42,25.92,16.45
531.64,25.94,16.84
531.86,25.96,16.75
532.08,25.98,16.25
532.31,26,16.04
532.53,26.02,16.49
532.75,26.04,16.1
532.98,26.06,16.53
533.2,26.08,16.48
533.42,26.1,16.06
533.65,26.12,16.44
533.87,26.14,16.19
534.09,26.16,16.31
534.32,26.18,15.8
534.32,26.18,12.96
534.54,26.2,12.23
534.54,26.2,15.01
534.76,26.22,14.79
534.87,26.23,11.98
534.98,26.24,14.19
535.1,26.25,12.05
535.21,26.26,14.43
535.32,26.27,12.8
535.43,26.28,14.16
535.54,26.29,11.19
535.65,26.3,12.85
535.77,26.31,11.83
535.88,26.32,11.69
535.99,26.33,12.79
536.1,26.34,11.71
536.21,26.35,12.41
536.32,26.36,11.76
536.43,26.37,13.74
536.55,26.38,12.06
536.66,26.39,14.26
536.77,26.4,12.49
536.99,26.42,12.8
536.99,26.42,14.33
537.21,26.44,13.79
537.44,26.46,13.76
537.67,26.48,14.39
537.95,26.5,15.07
538.23,26.52,15.13
538.5,26.54,14.7
538.8,26.56,14.38
539.09,26.58,15.57
539.6,26.61,15.96
539.93,26.63,15.57
540.27,26.65,15.66
540.6,26.67,14.73
540.93,26.69,16.05
541.27,26.71,15.89
541.6,26.73,17.42
541.94,26.75,16.04
542.44,26.78,15.75
542.78,26.8,16.31
543.15,26.82,16.44
543.53,26.84,16.36
543.9,26.86,17.16
544.27,26.88,15.72
544.64,26.9,16.3
545.01,26.92,16.22
545.4,26.94,16.31
546.03,26.97,16.38
546.45,26.99,16.11
546.87,27.01,16.38
547.28,27.03,16.54
547.7,27.05,16.45
548.12,27.07,16.81
548.54,27.09,16.28
548.96,27.11,16.49
549.37,27.13,15.99
550,27.16,15.09
550.42,27.18,15.69
550.84,27.2,14.23
551.26,27.22,14.57
551.67,27.24,14.29
552.09,27.26,15.2
552.51,27.28,15.05
552.93,27.3,14.93
553.56,27.33,15.9
553.98,27.35,15.94
554.39,27.37,16.76
554.81,27.39,15.03
555.23,27.41,15.02
555.65,27.43,16.94
556.07,27.45,16.81
556.48,27.47,16.18
556.9,27.49,13.63
557.53,27.52,15.42
557.95,27.54,15.25
558.37,27.56,14.93
558.79,27.58,14.9
559.2,27.6,15.05
560.04,27.64,14.42
560.46,27.66,14.37
561.09,27.69,14.12
561.5,27.71,13.34
561.92,27.73,12.21
562.34,27.75,13.67
562.76,27.77,14.28
563.18,27.79,13.39
563.59,27.81,14.99
564.01,27.83,15.04
564.43,27.85,13.26
565.06,27.88,16.73
565.48,27.9,16.58
565.89,27.92,15.01
566.31,27.94,15.69
566.73,27.96,16.63
567.15,27.98,14.91
567.57,28,16
567.98,28.02,16.84
568.4,28.04,16.62
569.03,28.07,15.64
569.45,28.09,15.73
569.87,28.11,14.94
570.28,28.13,16.21
570.7,28.15,14.43
571.12,28.17,15.44
571.54,28.19,14.38
571.96,28.21,13.8
572.17,28.22,15.6
572.59,28.24,16.8
572.79,28.25,16.43
573.21,28.27,16.91
573.63,28.29,18.25
573.84,28.3,15.01
574.26,28.32,17.77
574.47,28.33,15.77
574.89,28.35,16.47
575.3,28.37,18.71
575.51,28.38,18.55
575.93,28.4,17.75
576.14,28.41,16.16
576.56,28.43,16.76
576.98,28.45,17.84
577.6,28.48,17.55
577.81,28.49,16.48
578.23,28.51,17.42
578.65,28.53,17.65
578.86,28.54,16.4
579.7,28.58,12.43
580.11,28.6,13.09
580.53,28.62,13.84
580.95,28.64,11.94
581.37,28.66,12.29
581.79,28.68,12.39
582.21,28.7,15.98
582.62,28.72,15.11
583.25,28.75,13.25
583.62,28.77,14.1
584,28.79,15.5
584.37,28.81,14.11
584.74,28.83,13.52
585.11,28.85,15.53
585.48,28.87,15.86
585.86,28.89,16.01
586.23,28.91,17.59
586.6,28.93,16.07
587.16,28.96,17.62
589.39,29.08,15.22
589.76,29.1,18.75
590.13,29.12,15.24
590.5,29.14,15.17
591.06,29.17,13.87
591.8,29.21,17.06
592.17,29.23,17.69
592.55,29.25,16.81
592.92,29.27,17.58
593.29,29.29,16.59
593.66,29.31,17.11
594.03,29.33,18.83
594.41,29.35,17.2
594.96,29.38,16.74
595.34,29.4,16.66
595.71,29.42,16.39
596.08,29.44,15.11
596.45,29.46,16.01
596.82,29.48,16.15
597.19,29.5,16.24
597.57,29.52,16.19
597.94,29.54,16.3
598.31,29.56,15.95
598.87,29.59,16.54
599.24,29.61,16.25
599.61,29.63,17.29
599.98,29.65,16.76
600.35,29.67,16.87
600.73,29.69,16.68
601.1,29.71,16.58
601.47,29.73,17.43
601.84,29.75,16.36
602.21,29.77,16.37
602.77,29.8,17.04
603.14,29.82,16.38
603.51,29.84,16.28
603.88,29.86,17.45
604.26,29.88,17
604.63,29.9,17.33
605,29.92,18.12
605.37,29.94,16.99
605.74,29.96,17.82
606.12,29.98,17.25
606.53,30,17.46
607.16,30.03,18.2
607.58,30.05,17.1
608,30.07,17.83
608.42,30.09,18.46
608.84,30.11,18.24
609.25,30.13,18.5
609.67,30.15,19.07
610.1,30.17,19.15
610.33,30.18,19.14
610.77,30.2,18.85
611.22,30.22,20.2
611.44,30.23,18.42
611.89,30.25,18.14
612.33,30.27,18.13
612.78,30.29,17.02
613,30.3,18.07
613.45,30.32,17.41
613.89,30.34,16.75
614.12,30.35,16.69
614.56,30.37,17.53
615.02,30.39,17.4
615.57,30.41,17.27
615.85,30.42,16.81
616.41,30.44,17.66
616.97,30.46,16.69
617.25,30.47,18.26
617.8,30.49,16.31
618.36,30.51,16.23
618.95,30.53,16.28
619.3,30.54,16.41
620,30.56,16.5
620.69,30.58,16.07
621.04,30.59,16.45
621.74,30.61,16.5
622.44,30.63,15.76
623.13,30.65,16.94
623.48,30.66,16.17
624.18,30.68,14.75
624.88,30.7,14.53
625.23,30.71,14.74
625.92,30.73,14.48
626.62,30.75,13.96
627.32,30.77,14.8
627.66,30.78,14.24
628.36,30.8,11.09
629.06,30.82,13.19
629.41,30.83,13.89
630.1,30.85,14.47
630.8,30.87,14.64
631.49,30.89,15.08
631.77,30.9,14.79
632.33,30.92,15.23
632.89,30.94,15.34
633.44,30.96,15.11
634,30.98,15.26
634.56,31,15.86
634.84,31.01,15.69
635.4,31.03,15.31
635.95,31.05,15.88
636.51,31.07,16.13
636.96,31.09,14.98
637.41,31.11,15.67
637.63,31.12,16.58
638.08,31.14,16.07
638.52,31.16,15.67
638.97,31.18,15.34
639.42,31.2,15.18
639.86,31.22,14.97
640.31,31.24,14.94
640.53,31.25,13.45
640.98,31.27,14.15
641.42,31.29,14.83
641.87,31.31,14.84
642.32,31.33,16.31
642.76,31.35,17.23
642.98,31.36,15.72
643.43,31.38,15.39
643.88,31.4,14.78
644.32,31.42,14.57
644.77,31.44,15.23
645.21,31.46,14.43
645.44,31.47,15.78
645.88,31.49,14.84
646.33,31.51,16.57
646.78,31.53,14.64
647.22,31.55,14.63
647.67,31.57,14.61
647.89,31.58,14.88
648.34,31.6,15.66
648.78,31.62,15.24
649.23,31.64,15.39
649.68,31.66,15.1
650.12,31.68,13.4
650.57,31.7,16.11
651.01,31.72,14.66
651.46,31.74,13.65
651.9,31.76,13.53
652.52,31.79,15.1
652.94,31.81,13.41
652.94,31.81,14.77
653.36,31.83,15.38
653.36,31.83,15.14
653.78,31.85,15.39
653.78,31.85,14.1
654.2,31.87,14.68
654.41,31.88,14.84
654.61,31.89,11.45
654.82,31.9,13.3
655.03,31.91,13.5
655.24,31.92,12.81
655.45,31.93,13.28
655.65,31.94,13.41
655.83,31.95,12.3
656.21,31.97,13.85
656.58,31.99,14.2
656.95,32.01,15.21
657.32,32.03,14.68
657.69,32.05,14.01
658.06,32.07,14.89
658.44,32.09,15.22
658.81,32.11,16.31
659.18,32.13,14.4
659.55,32.15,16.61
659.92,32.17,13.76
660.3,32.19,14.75
660.67,32.21,16.61
661.04,32.23,13.99
661.41,32.25,14.22
661.78,32.27,13.44
662.15,32.29,14
662.52,32.31,15.37
662.9,32.33,13.71
663.27,32.35,13.71
663.64,32.37,13.95
664.01,32.39,14.81
664.38,32.41,15.44
664.76,32.43,15.38
665.13,32.45,13.7
665.5,32.47,14.78
665.87,32.49,14.85
666.24,32.51,15.57
666.61,32.53,14
666.99,32.55,12.61
667.36,32.57,13.48
667.73,32.59,13.91
668.1,32.61,14.68
668.47,32.63,15.03
668.85,32.65,13.64
669.22,32.67,13.57
669.59,32.69,14.31
669.96,32.71,14.45
670.33,32.73,14.96
670.7,32.75,12.77
671.08,32.77,13.69
671.45,32.79,14.36
671.82,32.81,14.81
672.19,32.83,13.34
672.56,32.85,13.42
672.93,32.87,13.44
673.31,32.89,13.32
673.68,32.91,15.79
674.05,32.93,15.11
674.42,32.95,15.15
674.79,32.97,15.01
675.16,32.99,14.9
675.54,33.01,13.94
675.91,33.03,10.34
676.28,33.05,11.31
676.65,33.07,11.79
677.02,33.09,12.09
677.39,33.11,12.03
677.77,33.13,12.45
678.14,33.15,13.08
678.88,33.19,14.15
679.25,33.21,13.89
679.63,33.23,12.45
680,33.25,12.92
680.37,33.27,15.14
680.74,33.29,13.52
681.11,33.31,14.71
681.48,33.33,14.16
681.86,33.35,14.09
682.23,33.37,15.24
682.6,33.39,16.25
682.97,33.41,17.45
683.34,33.43,16.63
683.71,33.45,16.25
684.09,33.47,16.75
684.46,33.49,17.1
684.83,33.51,15.39
685.2,33.53,14.61
685.57,33.55,14.14
685.95,33.57,13.79
686.32,33.59,14.42
686.69,33.61,14.13
687.06,33.63,13.78
687.43,33.65,15.92
687.8,33.67,15.56
688.17,33.69,15.88
688.55,33.71,16.41
688.92,33.73,15.78
689.29,33.75,17.16
689.66,33.77,15.41
690.03,33.79,15.72
690.41,33.81,17.82
690.78,33.83,15.4
691.15,33.85,14.87
691.52,33.87,16.09
691.89,33.89,14.95
692.26,33.91,17.6
692.64,33.93,17.45
693.01,33.95,17.7
693.38,33.97,17.03
693.75,33.99,17.72
694.12,34.01,17.84
694.5,34.03,17.23
694.87,34.05,17.01
695.24,34.07,15.86
695.61,34.09,17.42
695.98,34.11,17.76
696.35,34.13,16.19
696.73,34.15,17.88
697.1,34.17,17.66
697.47,34.19,17.41
697.84,34.21,18.01
698.21,34.23,18.21
698.58,34.25,19.08
698.96,34.27,18.12
699.33,34.29,18.79
699.7,34.31,18.47
700.07,34.33,18.77
700.44,34.35,18.21
700.81,34.37,18
701.19,34.39,17.28
701.56,34.41,18.12
701.93,34.43,18.68
702.3,34.45,19.7
702.67,34.47,17.6
703.04,34.49,18.74
703.42,34.51,17.46
703.79,34.53,17.93
704.16,34.55,16.33
704.53,34.57,17.85
704.9,34.59,18.87
705.28,34.61,18.08
705.65,34.63,17.88
706.02,34.65,16.98
706.39,34.67,17.54
706.76,34.69,17.97
707.13,34.71,17.87
707.51,34.73,17.45
707.88,34.75,16.34
708.25,34.77,15.74
708.62,34.79,16.22
708.99,34.81,16.14
709.36,34.83,13.87
709.74,34.85,12.23
710.11,34.87,12.51
710.48,34.89,10.76
710.85,34.91,11.42
711.22,34.93,10.38
711.6,34.95,11.76
711.97,34.97,9.38
712.34,34.99,10.3
712.71,35.01,11.93
713.08,35.03,12.15
713.45,35.05,12.55
713.82,35.07,13.1
714.2,35.09,12.28
714.57,35.11,12.39
714.94,35.13,12.25
715.31,35.15,13.72
715.68,35.17,13.88
716.06,35.19,13.67
716.43,35.21,15.45
716.85,35.23,15.43
717.68,35.27,15.52
718.1,35.29,15.45
718.52,35.31,15.73
718.94,35.33,15.54
719.36,35.35,15.71
719.77,35.37,15.8
720.19,35.39,15.2
720.61,35.41,17.01
721.03,35.43,15.5
721.45,35.45,15.52
721.87,35.47,15.63
722.28,35.49,15.53
722.7,35.51,16.78
723.12,35.53,15.99
723.54,35.55,16.13
723.96,35.57,16.15
724.37,35.59,15.84
724.79,35.61,16.69
725.21,35.63,16.27
725.63,35.65,16.13
726.05,35.67,16.55
726.47,35.69,15.96
726.88,35.71,16.9
727.3,35.73,16.69
727.72,35.75,16.38
728.14,35.77,16.76
728.56,35.79,16.45
728.97,35.81,17.42
729.39,35.83,17.61
730.23,35.87,16.93
730.65,35.89,17.45
731.07,35.91,17.72
731.48,35.93,16.95
731.9,35.95,16.86
732.32,35.97,15.99
732.74,35.99,16.11
733.16,36.01,15.48
733.57,36.03,14.78
733.99,36.05,17.13
734.41,36.07,16.6
734.83,36.09,16.94
735.25,36.11,17.95
735.67,36.13,16.81
736.08,36.15,17.19
736.29,36.16,16.55
736.5,36.17,16.67
736.71,36.18,17.85
736.92,36.19,17.07
737.13,36.2,16.99
737.34,36.21,17.62
737.55,36.22,16.97
737.76,36.23,16.91
737.97,36.24,17.21
738.18,36.25,15.14
738.38,36.26,17.26
738.59,36.27,16.91
739.01,36.29,16.43
739.01,36.29,16.77
739.43,36.31,17.77
739.43,36.31,18.46
739.85,36.33,16.52
740.06,36.34,17.09
740.27,36.35,17.67
740.68,36.37,17.27
740.68,36.37,16.56
741.31,36.4,15.44
741.52,36.41,16.57
741.73,36.42,13.57
741.94,36.43,15.88
742.36,36.45,15.69
742.36,36.45,13
742.78,36.47,14.46
742.99,36.48,14.81
743.19,36.49,14.35
743.4,36.5,15.04
743.61,36.51,12.68
744.03,36.53,13.92
744.03,36.53,13.84
744.45,36.55,13.61
744.66,36.56,13.83
744.87,36.57,14.42
745.08,36.58,14.67
745.28,36.59,14.91
745.7,36.61,14.15
745.7,36.61,14.59
746.12,36.63,13.87
746.12,36.63,13.83
746.54,36.65,12.99
746.96,36.67,12.44
747.37,36.69,13.27
748,36.72,13.66
748.42,36.74,14.04
748.84,36.76,14.14
749.26,36.78,14.7
749.68,36.8,14.83
750.09,36.82,14.93
750.51,36.84,15.55
750.93,36.86,14.91
751.35,36.88,15.41
751.98,36.91,15.26
752.39,36.93,15.96
752.81,36.95,15.82
753.23,36.97,14.37
753.65,36.99,14.83
754.07,37.01,14.26
754.49,37.03,15.17
754.9,37.05,14.38
755.32,37.07,14.98
755.74,37.09,14.62
756.16,37.11,16.09
756.37,37.12,17.17
756.79,37.14,14.4
756.99,37.15,14.93
757.41,37.17,14.8
757.83,37.19,14.86
758.04,37.2,14.8
758.46,37.22,15.03
758.88,37.24,15.76
759.09,37.25,14.88
759.5,37.27,15.57
759.71,37.28,14.97
760.13,37.3,16.17
760.55,37.32,16.47
760.76,37.33,15.93
761.18,37.35,16.04
761.8,37.38,16.26
762.43,37.41,16.06
763.06,37.44,15.3
763.69,37.47,16.39
764.31,37.5,18.16
764.73,37.52,16.59
765.36,37.55,17.76
766.61,37.61,16.45
767.24,37.64,16.11
767.87,37.67,15.21
768.49,37.7,15.64
769.12,37.73,14.89
769.54,37.75,14.45
770.17,37.78,13.59
770.59,37.8,15.01
771,37.82,15.98
771.42,37.84,16
771.84,37.86,16.96
772.26,37.88,16.15
772.68,37.9,16.64
773.1,37.92,15.85
773.74,37.95,16.3
774.18,37.97,16.68
774.63,37.99,16.39
775.08,38.01,15.88
775.52,38.03,14.61
775.97,38.05,16.24
776.42,38.07,16.27
776.86,38.09,15.84
777.53,38.12,16.83
777.98,38.14,16.57
778.42,38.16,17.21
778.95,38.18,15.92
779.51,38.2,16.16
780.12,38.22,16.32
780.82,38.24,16.86
781.52,38.26,16.61
782.56,38.29,16.26
783.26,38.31,17.37
783.96,38.33,16.67
785.35,38.37,16.16
786.05,38.39,16.24
786.75,38.41,16.49
787.44,38.43,15.22
788.49,38.46,16.26
789.19,38.48,13.76
789.88,38.5,13.46
790.58,38.52,14.7
791.28,38.54,13.63
791.97,38.56,12.02
792.64,38.58,13.59
793.19,38.6,13.69
793.98,38.63,10.26
794.42,38.65,10.69
794.87,38.67,11.19
795.32,38.69,10.28
795.76,38.71,13.28
796.21,38.73,13.23
796.65,38.75,11.8
797.1,38.77,13.88
797.55,38.79,13.79
797.99,38.81,12.96
798.44,38.83,13.44
798.88,38.85,12.6
799.3,38.87,12.93
799.72,38.89,11.29
799.93,38.9,12.77
800.35,38.92,12.18
800.76,38.94,13
801.18,38.96,12.92
801.6,38.98,13.41
802.02,39,12.19
802.44,39.02,12.68
802.83,39.04,13.34
803.2,39.06,13.48
803.57,39.08,13.7
803.95,39.1,13.22
804.32,39.12,13.79
804.69,39.14,12.63
805.06,39.16,12.23
805.43,39.18,11.94
805.8,39.2,12.64
806.18,39.22,12.77
806.55,39.24,12.17
806.92,39.26,12.19
807.29,39.28,12.73
807.66,39.3,13.55
808.04,39.32,13.32
808.41,39.34,12.9
808.78,39.36,12.83
809.15,39.38,12.74
809.52,39.4,12.41
809.9,39.42,12.58
810.27,39.44,12.94
810.64,39.46,12.76
811.01,39.48,13.4
811.38,39.5,12.4
811.75,39.52,13.38
812.12,39.54,13.15
812.5,39.56,13.61
812.87,39.58,14.15
813.24,39.6,13.55
813.61,39.62,13.56
813.98,39.64,13.51
814.36,39.66,13.46
814.73,39.68,13.86
815.1,39.7,14.17
815.47,39.72,15.75
815.84,39.74,13.79
816.21,39.76,13.45
816.59,39.78,13.49
816.96,39.8,13.06
817.33,39.82,14.28
817.7,39.84,14.65
818.07,39.86,14.62
818.44,39.88,14.81
818.82,39.9,14.93
819.19,39.92,15.07
819.56,39.94,14.94
819.93,39.96,14.78
820.3,39.98,15.31
820.71,40,15.53
821.13,40.02,14.97
821.55,40.04,15.39
821.96,40.06,15.55
822.38,40.08,15.46
822.8,40.1,15.26
823.22,40.12,15.67
823.64,40.14,15.85
824.06,40.16,15.67
824.49,40.18,15.7
824.94,40.2,15.74
825.38,40.22,15.96
825.83,40.24,15.77
826.28,40.26,14.7
826.72,40.28,15.91
827.17,40.3,16.21
827.61,40.32,14.95
828.06,40.34,14.35
828.51,40.36,16.89
828.95,40.38,13.76
829.43,40.4,16.29
829.99,40.42,14.5
830.55,40.44,15.18
831.1,40.46,15.74
831.66,40.48,15.67
832.22,40.5,15.14
832.78,40.52,16.12
833.33,40.54,15.8
833.89,40.56,17.93
834.45,40.58,16.02
835.01,40.6,15.37
835.56,40.62,16.58
836.12,40.64,17.13
836.68,40.66,16.72
837.24,40.68,16.55
838.07,40.71,17.85
838.63,40.73,17.21
839.19,40.75,16.1
839.75,40.77,16.23
840.3,40.79,15.86
840.86,40.81,15.45
841.42,40.83,16.91
841.98,40.85,17.12
842.53,40.87,15.99
843.09,40.89,16.32
843.65,40.91,17.48
844.21,40.93,17.28
845.32,40.97,16.73
845.88,40.99,16.75
846.44,41.01,17.13
847.55,41.05,17.09
848.11,41.07,17.16
848.67,41.09,17.55
849.23,41.11,17.51
849.78,41.13,15.31
850.34,41.15,16.18
851.46,41.19,14.81
852.01,41.21,15.08
852.57,41.23,16.15
853.13,41.25,16.37
853.69,41.27,15.75
854.24,41.29,17.26
854.8,41.31,16.47
855.36,41.33,15.86
855.92,41.35,16.64
856.47,41.37,16.61
857.03,41.39,17.5
857.59,41.41,19.46
858.15,41.43,17.06
858.7,41.45,17.77
859.26,41.47,16.67
859.82,41.49,18.16
860.66,41.52,17.48
861.21,41.54,16.44
861.77,41.56,16.27
862.33,41.58,16.37
862.89,41.6,15.43
863.44,41.62,16.68
864,41.64,14.97
864.56,41.66,12.26
865.12,41.68,14.52
865.68,41.7,15.38
866.23,41.72,11.55
866.79,41.74,11.51
867.35,41.76,10.96
867.91,41.78,11.48
868.46,41.8,13.42
869.02,41.82,12.9
870.69,41.88,14.26
871.53,41.91,12.85
872.09,41.93,13.56
873.2,41.97,13.44
873.76,41.99,12.08
874.32,42.01,11.93
874.88,42.03,12.65
875.99,42.07,13.38
876.55,42.09,12.61
877.1,42.11,13.5
877.62,42.13,12.94
878.29,42.16,13.44
878.74,42.18,12.07
879.18,42.2,12.8
879.63,42.22,12.84
880.52,42.26,13.01
880.97,42.28,13.78
881.86,42.32,14.63
882.75,42.36,13.2
882.97,42.37,15.11
883.42,42.39,13.7
883.87,42.41,14.27
884.76,42.45,10.9
885.2,42.47,12.82
885.65,42.49,10.89
886.1,42.51,11.36
886.99,42.55,10.42
887.43,42.57,13.34
887.88,42.59,12.64
888.33,42.61,11.19
889,42.64,13.16
889.44,42.66,13.45
889.89,42.68,11.74
890.33,42.7,12.91
891.23,42.74,13.54
891.67,42.76,13.47
892.12,42.78,12.89
892.56,42.8,12.57
893.46,42.84,13.7
893.68,42.85,14.1
894.13,42.87,13.76
894.57,42.89,14.18
895.46,42.93,15.17
895.91,42.95,14.67
896.36,42.97,14.2
896.8,42.99,14.82
897.69,43.03,15.22
898.14,43.05,15.48
898.59,43.07,15.74
898.81,43.08,15.5
899.7,43.12,15.27
900.15,43.14,15.61
900.59,43.16,15.25
901.04,43.18,15.38
901.93,43.22,14.64
902.38,43.24,16.05
902.82,43.26,16.74
903.27,43.28,15.72
903.94,43.31,15.33
904.39,43.33,15.53
904.83,43.35,15.99
905.28,43.37,15.32
906.17,43.41,13.87
906.62,43.43,13.48
907.06,43.45,13.93
907.51,43.47,13.86
908.4,43.51,14.72
908.85,43.53,15.21
909.29,43.55,14.96
909.52,43.56,15.45
910.41,43.6,16.24
910.85,43.62,16.01
911.3,43.64,15.42
911.75,43.66,15.89
912.64,43.7,15.61
913.08,43.72,15.91
913.53,43.74,16.44
913.98,43.76,16.42
914.87,43.8,16.85
915.32,43.82,15.26
915.76,43.84,13.83
916.21,43.86,13.59
917.1,43.9,13.01
917.55,43.92,12.89
917.99,43.94,12.84
918.44,43.96,13.12
919.33,44,12.5
919.78,44.02,12.69
920.22,44.04,12.76
920.67,44.06,12.88
921.56,44.1,12.37
922.01,44.12,12.76
922.45,44.14,13.65
922.9,44.16,13.62
924.24,44.21,13.83
924.8,44.23,14.44
925.36,44.25,14.54
925.92,44.27,15.04
927.03,44.31,13.57
927.59,44.33,14.36
928.15,44.35,13.77
928.7,44.37,13.82
929.82,44.41,15.2
930.38,44.43,14.59
930.93,44.45,14.59
931.49,44.47,13.29
932.61,44.51,11.13
933.16,44.53,14.02
933.72,44.55,14.35
934.28,44.57,14.92
935.39,44.61,14
935.95,44.63,15.72
936.79,44.66,15.86
937.35,44.68,17.4
938.46,44.72,15.2
939.02,44.74,15.49
939.58,44.76,16.08
940.13,44.78,15.21
941.25,44.82,15.44
941.81,44.84,15.54
942.36,44.86,16.64
942.92,44.88,14.11
944.04,44.92,16.52
944.6,44.94,14.8
945.15,44.96,17.16
945.71,44.98,17.35
946.83,45.02,16.63
947.38,45.04,16.91
947.94,45.06,15.95
948.78,45.09,17.2
949.89,45.13,18.27
950.45,45.15,15.24
951.01,45.17,16.69
951.57,45.19,15.66
952.68,45.23,16.48
953.24,45.25,17.48
953.8,45.27,17.77
955.47,45.33,18.26
956.03,45.35,18.26
956.58,45.37,19.77
957.14,45.39,19
957.42,45.4,20.01
957.98,45.42,19.2
958.26,45.43,19.7
958.54,45.44,19.22
958.81,45.45,17.64
959.09,45.46,20.24
959.37,45.47,20.27
959.65,45.48,18.12
960.21,45.5,19.1
960.21,45.5,20.28
960.76,45.52,18.45
961.32,45.54,19.89
961.32,45.54,16.87
961.88,45.56,16.43
962.29,45.58,19.92
963.11,45.62,19.91
963.51,45.64,15.85
963.92,45.66,16.09
964.33,45.68,15.51
965.15,45.72,13.01
965.55,45.74,13.84
965.96,45.76,11.8
967.19,45.82,14.55
968,45.86,15.63
970.04,45.96,17.52
972.08,46.06,18.21
974.12,46.16,18.12
976.16,46.26,18.98
978.21,46.36,17.57
980.25,46.46,15.09
982.29,46.56,16.58
984.33,46.66,17.08
985.96,46.74,16.31
987.59,46.82,12.98
989.25,46.92,16.06
990.2,46.98,16.37
991.76,47.08,17.19
993.02,47.16,17
994.27,47.24,16.58
995.53,47.32,16.74
996.47,47.38,16.65
998.04,47.48,17.48
1001.18,47.68,17.94
1004.46,47.88,13.78
1006.76,47.98,17.6
1011.35,48.18,18.31
1013.65,48.28,13.65
1018.25,48.48,17.23
1020.55,48.58,16.53
1022.85,48.68,13.8
1025.14,48.78,16.81
1034.57,49.19,18.79
1038.67,49.37,15.73
1042.14,49.53,17.36
1045.62,49.69,16.98
1048.88,49.84,17.73
1052.36,50,16.6
1059.31,50.32,13.44
1062.57,50.47,14.46
1066.49,50.65,17.28
1070.18,50.82,19.33
1072.14,50.91,17.76
1073.88,50.99,18.28
1081.26,51.33,17.89
1085.61,51.53,18.72
1089.96,51.73,18.59
1094.31,51.93,17.7
1098.71,52.13,9.7
1103.46,52.33,15.26
1108.2,52.53,18.81
1112.95,52.73,17.58
1117.69,52.93,16.83
1122.44,53.13,16.07
1127.22,53.33,14.07
1132.08,53.53,15.54
1136.95,53.73,11.27
1141.81,53.93,12.73
1146.68,54.13,16.32
1149.11,54.23,15.48
1156.41,54.53,19.09
1161.27,54.73,19.48
1166.14,54.93,19.26
1171,55.13,19.2
1175.86,55.33,19.7
1180.73,55.53,19.64
1185.59,55.73,18.66
1190.46,55.93,17.94
1195.32,56.13,17.02
1199.79,56.33,16.02
1203.76,56.53,16.47
1207.74,56.73,16.36
1211.71,56.93,16.81
1215.69,57.13,15.09
1219.66,57.33,14.53
1223.64,57.53,14.14
1227.61,57.73,14.32
1231.59,57.93,17.33
1231.98,57.95,18.88
1234.57,58.08,18.49
1236.56,58.18,18.66
1238.54,58.28,18.23
1240.53,58.38,17.91
1244.51,58.58,15.48
1247.09,58.71,11.1
1248.66,58.79,13.66
1252.53,58.99,11.91
1256.6,59.2,14.56
1260.86,59.42,12.47
1265.12,59.64,16.22
1269.19,59.85,16.41
1273.45,60.07,17.71
1276.93,60.25,17.2
1277.32,60.27,17.4
1280.61,60.44,17.06
1284.1,60.62,16.42
1287.78,60.81,15.85
1291.67,60.99,12.86
1296.28,61.17,10.7
1301.15,61.36,17.36
1305.76,61.54,17.36
1308.58,61.65,17.83
1310.63,61.73,18.46
1315.24,61.91,19.5
1319.85,62.09,18.19
1324.72,62.28,18.48
1329.33,62.46,17.72
1333.94,62.64,15.85
1339.08,62.92,14.35
1341.24,63.06,15.22
1341.7,63.09,14.37
1344.94,63.3,16.64
1348.03,63.5,19.07
1351.11,63.7,18.92
1354.2,63.9,19.2
1357.29,64.1,20.28
1360.37,64.3,21.01
1363.46,64.5,19.49
1365.31,64.62,19.23
1366.54,64.7,19.22
1369.63,64.9,18.48
1372.89,65.1,16.36
1374.81,65.2,15.61
1378.06,65.37,17.68
1379.98,65.47,16.5
1383.82,65.67,17.71
1387.65,65.87,18.41
1389.95,65.99,15.88
1391.49,66.07,18.66
1395.32,66.27,16.85
1399.15,66.47,17.44
1402.99,66.67,18.1
1406.82,66.87,15.42
1410.66,67.07,17.62
1422.23,67.47,17.87
1422.85,67.49,17.5
1428.42,67.67,19.84
1434.62,67.87,18.63
1440.82,68.07,20.16
1447.01,68.27,20.2
1453.21,68.47,13.7
1458.28,68.67,13.7
1462.41,68.87,16.04
1464.9,68.99,16.97
1466.55,69.07,17.2
1470.69,69.27,17.59
1474.83,69.47,17.82
1478.97,69.67,20.45
1483.11,69.87,20.17
1487.24,70.07,20.17
1489.31,70.17,19.93
1491.18,70.26,19.46
1493.25,70.36,18.29
1497.26,70.56,15.35
1501.03,70.76,17.71
1504.99,70.97,17.21
1508.76,71.17,16.72
1511.02,71.29,16.04
1512.53,71.37,16.14
1516.3,71.57,19.28
1520.07,71.77,21.16
1523.84,71.97,19.6
1531.38,72.37,15.87
1535.33,72.58,16.71
1539.1,72.78,16.28
1539.48,72.8,15.46
1542.67,72.98,16.27
1544.43,73.08,15.84
1546.18,73.18,17.38
1549.51,73.37,17.53
1552.85,73.56,18.27
1554.6,73.66,18.31
1556.18,73.75,16.94
1557.76,73.84,17.91
1559.51,73.94,18.27
1562.84,74.13,18.63
1564.42,74.22,19.64
1564.77,74.24,18.11
1566,74.31,19.09
1567.76,74.41,18.64
1569.51,74.51,19.42
1571.09,74.6,18.9
1571.26,74.61,18.97
1573.02,74.71,18.74
1574.77,74.81,18.26
1576.34,74.91,18.66
1578.6,75.11,18.85
1580.86,75.31,19.26
1583.12,75.51,18.41
1585.38,75.71,19.14
1587.64,75.91,16.53
1588.77,76.01,17.44
1589.9,76.11,18.2
1592.16,76.31,18.7
1593.29,76.41,18.86
1594.42,76.51,19.77
1595.55,76.61,18.99
1596.69,76.71,19.13
1598.95,76.91,19.18
1602.56,77.23,19.64
1604.6,77.41,18.57
1605.73,77.51,17.06
1608.67,77.77,16.91
1610.36,77.92,17.23
1610.7,77.95,18.46
1611.94,78.06,18.12
1613.64,78.21,18.32
1616.92,78.5,18.35
1620.2,78.79,17.42
1623.25,79.06,18.23
1625.73,79.28,15.99
1628.16,79.49,18.77
1631.5,79.69,18.67
1633.67,79.82,18.5
1635,79.9,21.26
1638.34,80.1,21.09
1641.85,80.31,19.83
1645.19,80.51,20.22
1648.69,80.72,20
1653.7,81.02,18.57
1660.84,81.18,17.33
1666.15,81.29,16.9
1666.63,81.3,14.5
1671.45,81.4,18.52
1676.76,81.51,15.41
1682.06,81.62,16.47
1687.36,81.73,17.98
1692.67,81.84,19.61
1697.97,81.95,17.78
1703.28,82.06,17.71
1706.35,82.13,18.42
1707.65,82.18,17.41
1710.51,82.29,18.72
1713.37,82.4,19.6
1715.71,82.49,19.68
1718.31,82.59,20.09
1720.64,82.68,18.77
1723.24,82.78,18.13
1731.3,83.09,17.21
1732.34,83.13,17.09
1740.13,83.43,17.68
1746.11,83.66,16.62
1751.12,83.87,17
1755.88,84.08,16.75
1760.42,84.28,17.52
1765.86,84.52,17.8
1770.63,84.73,16.74
1773.35,84.85,19.71
1774.94,84.92,19.72
1777.21,85.02,18.33
1779.48,85.12,19.39
1781.75,85.22,17.91
1784.7,85.35,18.74
1789.24,85.55,18.09
1791.96,85.67,14.63
1793.77,85.75,15.39
1797.87,85.95,17.09
1801.94,86.15,17.63
1806.02,86.35,18.23
1810.09,86.55,18.16
1814.17,86.75,19.55
1818.24,86.95,18.51
1822.31,87.15,18.53
1822.72,87.17,18.9
1826.39,87.35,18.7
1830.46,87.55,17.91
1834.54,87.75,19.37
1838.61,87.95,20.05
1842.69,88.15,20.4
1846.76,88.35,19.23
1850.83,88.55,19.45
1853.28,88.67,18.6
1854.91,88.75,18.4
1858.98,88.95,18.18
1865.69,89.15,17.23
1873.28,89.35,17.6
1880.87,89.55,17.02
1886.19,89.69,17.22
1888.47,89.75,17.63
1890.36,89.8,18.1
1894.54,89.91,18.18
1898.71,90.02,17.12
1903.23,90.17,15.78
1905.18,90.24,17.08
1911.3,90.46,17.95
1917.42,90.68,19.05
1923.54,90.9,18.8
1929.66,91.12,18.93
1935.78,91.34,20.42
1941.34,91.54,18.18
1947.19,91.75,17.58
1953.15,91.96,16.57
1958.85,92.16,17.28
1964.83,92.37,17.1
1970.81,92.58,19
1976.51,92.78,21.68
1982.49,92.99,20.42
1988.47,93.2,19.51
1994.17,93.4,15.66
2000.15,93.61,15.55
2005.39,93.82,17.48
2009.12,94.02,15.77
2013.03,94.23,17.36
2016.94,94.44,18.67
2021.23,94.67,18.31
2023.46,94.79,23.2
2025.32,94.89,20.61
2025.7,94.91,19.02
2027.19,94.99,22.72
2029.05,95.09,21.45
2030.91,95.19,19.89
2034.64,95.39,17.41
2038.36,95.59,21.15
2042.09,95.79,19.95
2045.81,95.99,17.83
2048.71,96.19,18.86
2051.57,96.39,18.97
2051.86,96.41,18.29
2054.43,96.59,19.46
2057.29,96.79,19.5
2060.14,96.99,17.17
2063,97.19,17.7
2065.86,97.39,14.71
2068.71,97.59,17.18
2071.57,97.79,14.92
2073.89,97.91,15.9
2075.57,97.99,14.46
2079.76,98.19,14.88
2083.96,98.39,15.42
2088.15,98.59,16.76
2092.35,98.79,16.7
2096.54,98.99,14.62
2100.74,99.19,16.35
2104.94,99.39,16.04
2105.36,99.41,17.13
2109.13,99.59,16.53
2113.33,99.79,17.5
2117.52,99.99,16.1
2121.72,100.19,16.17
2125.91,100.39,18.54
2130.11,100.59,19
2131.58,100.66,17.9
2133.89,100.77,20.02
2135.77,100.86,18.56
2140.6,101.09,16.91
2144.79,101.29,15.71
2148.57,101.47,15.72
2152.65,101.66,15.33
2157.57,101.86,14.78
2162.24,102.05,15.95
2167.16,102.25,18.37
2171.84,102.44,19.79
2176.76,102.64,19.87
2181.43,102.83,18.21
2186.35,103.03,18.31
2191.02,103.22,17.32
2195.94,103.42,15.62
2200.43,103.61,17.79
2202.5,103.73,17.92
2203.89,103.81,18.32
2207.17,104,17.67
2210.63,104.2,19.38
2214.08,104.4,18.16
2217.36,104.59,18.38
2220.82,104.79,19.91
2224.1,104.98,20.21
2227.56,105.18,21.07
2227.9,105.2,19.39
2232.22,105.45,18.08
2233.95,105.55,18.06
2235.68,105.65,17.18
2239.14,105.85,16.1
2240.88,105.95,16.79
2242.65,106.05,18.3
2244.41,106.15,16.98
2246.53,106.27,17.87
2247.94,106.35,16.75
2251.47,106.55,17.45
2255,106.75,20.88
2256.76,106.85,20.44
2260.29,107.05,19.99
2263.82,107.25,20.27
2267.35,107.45,19.07
2272.65,107.75,17.12
2273,107.77,18.49
2279.71,108.15,15.92
2285.99,108.45,16.65
2288.33,108.55,18.32
2293.02,108.75,20.71
2295.37,108.85,18.84
2300.06,109.05,17.66
2304.75,109.25,18.52
2305.22,109.27,19.01
2309.44,109.45,20.79
2314.14,109.65,17.62
2318.83,109.85,18.68
2322.3,110.05,18.44
2325.37,110.25,17.96
2328.43,110.45,16.37
2331.5,110.65,18.24
2333.34,110.77,20.76
2334.57,110.85,20.53
2337.63,111.05,19.35
2340.7,111.25,19.58
2343.77,111.45,18.71
2345.3,111.55,18.14
2354.35,112.14,18.76
2355.73,112.23,18.07
2356.04,112.25,17.27
2358.87,112.41,17.52
2363.49,112.58,18.46
2367.85,112.74,20.38
2372.47,112.91,20.36
2376.83,113.07,18.68
2381.45,113.24,19.23
2388.26,113.49,19.82
2388.8,113.51,18.98
2392.61,113.65,20.13
2397.24,113.82,20.13
2407.21,114.23,20.83
2410.58,114.4,20.26
2413.96,114.57,20.71
2417.14,114.73,19.6
2417.54,114.75,21.68
2420.52,114.9,20.75
2424.69,115.11,18.65
2428.66,115.31,17.57
2432.24,115.49,15.78
2435.62,115.66,15.87
2439.73,115.84,17
2443.68,116.01,17.95
2446.23,116.12,15.9
2448.55,116.22,17.19
2453.19,116.42,18.59
2455.51,116.52,17.72
2457.83,116.62,17.82
2460.15,116.72,21.4
2464.79,116.92,21.83
2469.44,117.12,19.79
2469.9,117.14,23.09
2474.08,117.32,18.63
2478.72,117.52,18.44
2478.72,117.52,19.63
2483.36,117.72,17.01
2488,117.92,17.68
2491.47,118.12,19.14
2494.94,118.32,17.15
2498.41,118.52,18.31
2500.49,118.64,19.63
2501.88,118.72,21.01
2505.35,118.92,19.04
2508.82,119.12,19.07
2512.29,119.32,16.21
2515.76,119.52,16.55
2519.22,119.72,12.96
2522.81,119.92,14.76
2526.84,120.12,15.48
2527.25,120.14,16.53
2530.88,120.32,17.76
2534.92,120.52,18.08
2538.95,120.72,18.9
2542.99,120.92,19.11
2547.03,121.12,19.74
2551.06,121.32,19.08
2555.1,121.52,17.73
2557.52,121.64,19.99
2559.14,121.72,19.27
2563.17,121.92,19.08
2567.22,122.12,18.02
2571.29,122.32,19.39
2575.37,122.52,22.59
2577.4,122.62,18.65
2579.44,122.72,20.28
2581.47,122.82,22.52
2584.93,122.99,19.22
2585.14,123,20.25
2589.21,123.2,20.2
2593.89,123.43,19.11
2598.57,123.66,17.25
2604.07,123.89,17.39
2607.12,124.01,16.64
2609.91,124.12,17.48
2616.27,124.37,19.48
2619.31,124.49,19.73
2619.31,124.49,20.77
2621.6,124.58,19.74
2621.86,124.59,19.61
2624.4,124.69,19.59
2632.02,124.99,19.36
2637.1,125.19,19.49
2642.19,125.39,19.97
2644.73,125.49,19.78
2647.13,125.59,18.21
2649.84,125.71,19.13
2651.65,125.79,18.58
2656.16,125.99,20.75
2658.42,126.09,19.66
2660.68,126.19,20.17
2662.94,126.29,17.91
2665.19,126.39,21.13
2667.45,126.49,19.8
2669.71,126.59,20.3
2671.97,126.69,20.18
2674.23,126.79,20
2676.48,126.89,22.91
2678.74,126.99,21.02
2681,127.09,22.31
2683.26,127.19,18.66
2683.71,127.21,19.87
2685.52,127.29,17.88
2687.77,127.39,17.74
2689.43,127.49,17.89
2691.02,127.59,18.18
2692.61,127.69,18.47
2694.2,127.79,18.22
2695.8,127.89,17.99
2697.39,127.99,18.09
2698.98,128.09,18.36
2700.57,128.19,19.08
2702.16,128.29,18.23
2703.75,128.39,17.58
2705.34,128.49,18.5
2706.93,128.59,17.71
2708.52,128.69,17.9
2708.84,128.71,17.83
2710.11,128.79,18.11
2711.7,128.89,15.05
2713.3,128.99,16.79
2714.89,129.09,17.26
2716.73,129.19,17.03
2719.17,129.29,16.7
2721.61,129.39,17.62
2724.05,129.49,17.26
2726.49,129.59,18.05
2728.93,129.69,18.16
2731.37,129.79,19.36
2733.8,129.89,19.82
2736.24,129.99,18.23
2738.68,130.09,19.45
2741.12,130.19,20.61
2741.61,130.21,21.51
2743.56,130.29,19.7
2746,130.39,20.22
2748.44,130.49,19.65
2750.88,130.59,21.37
2753.32,130.69,21.17
2755.76,130.79,21.25
2758.2,130.89,19.86
2760.63,130.99,21.12
2763.07,131.09,20.93
2765.51,131.19,20.02
2767.95,131.29,18.6
2770.39,131.39,18.22
2772.83,131.49,19.42
2775.27,131.59,20.16
2777.71,131.69,21.66
2778.2,131.71,21.88
2780.15,131.79,19.73
2785.02,131.99,22.36
2787.46,132.09,20.58
2789.9,132.19,22.4
2791.85,132.27,19.69
2794.78,132.39,17.25
2798.93,132.56,17.95
2804.05,132.77,18
2809.05,132.97,18.29
2813.89,133.16,18.32
2818.98,133.36,21.61
2823.82,133.55,21.79
2828.65,133.74,21.37
2829.16,133.76,20.48
2833.75,133.94,20.22
2838.58,134.13,18.25
2843.67,134.33,18.36
2848.44,134.52,17.86
2852.89,134.72,17.88
2857.11,134.91,16.71
2861.33,135.1,19.27
2864,135.22,21.32
2865.78,135.3,17.92
2870,135.49,17.6
2874.44,135.69,18.53
2878.67,135.88,17.22
2882.89,136.07,17.96
2887.34,136.27,18.4
2891.59,136.46,18.9
2896.06,136.66,20.13
2896.5,136.68,20.6
2900.75,136.87,20.81
2905.44,137.08,20.82
2910.13,137.29,19.54
2914.83,137.5,16.73
2918.4,137.66,17.53
2918.85,137.68,18.12
2920.64,137.76,18.32
2922.87,137.86,18.76
2927.28,138.06,17.24
2931.54,138.26,17.52
2935.8,138.46,18.3
2940.07,138.66,17.78
2944.33,138.86,19.25
2948.59,139.06,20.44
2951.15,139.18,21.1
2952.85,139.26,22.81
2957.11,139.46,21.39
2961.38,139.66,21.56
2965.64,139.86,22.67
2974.16,140.26,20.42
2978.4,140.46,19.44
2982.4,140.66,19.5
2982.8,140.68,20.02
2986.4,140.86,19.82
2990.4,141.06,18.9
2994.4,141.26,18.66
2996.4,141.36,19.18
2998.4,141.46,19.72
3000.4,141.56,19.61
3004.2,141.75,20.59
3006.4,141.86,19.84
3013.6,142.22,18.66
3017.6,142.42,18.18
3021.06,142.59,18.02
3025.75,142.82,17.72
3026.15,142.84,19.96
3030.64,143.06,19.83
3035.32,143.29,20.21
3039.61,143.5,19.59
3041.85,143.61,20.74
3044.09,143.72,21.19
3048.57,143.94,19.42
3055.06,144.21,20.1
3063.16,144.53,18.85
3065.44,144.62,20.7
3067.22,144.69,19.25
3068.99,144.76,21.39
3074.81,144.99,22.05
3078.86,145.15,21.48
3082.66,145.3,21.78
3086.46,145.45,21.59
3090.63,145.61,20.95
3095.32,145.76,21.24
3095.63,145.77,22.27
3100.01,145.91,21.04
3105.02,146.07,20.48
3109.71,146.22,21.28
3114.41,146.37,20.72
3119.41,146.53,20.6
3124.11,146.68,20.29
3128.8,146.83,19.04
3131.93,146.93,20.04
3133.81,146.99,18.38
3137.96,147.15,18.47
3142.09,147.34,18.44
3146.43,147.54,21.47
3150.57,147.73,22.47
3153.39,147.86,22.13
3155.57,147.96,22.34
3157.74,148.06,23.32
3159.91,148.16,21.48
3164.26,148.36,21.11
3168.61,148.56,20.87
3172.96,148.76,21.47
3177.58,148.96,21.2
3178.11,148.98,21.86
3182.86,149.16,21.01
3188.13,149.36,21.7
3193.41,149.56,21.28
3198.68,149.76,21.57
3203.96,149.96,21.69
3209.23,150.16,21.65
3214.51,150.36,20.16
3217.67,150.48,20.37
3219.78,150.56,21.49
3225.05,150.76,19.02
3230.33,150.96,20.16
3240.88,151.36,21.41
3246.15,151.56,20.37
3251.43,151.76,20.4
3254.07,151.86,19.19
3257.23,151.98,20.95
3259.34,152.06,20.69
3264.62,152.26,19.56
3269.89,152.46,19.93
3275.16,152.66,20.6
3280.44,152.86,21.63
3285.71,153.06,19.15
3288.09,153.15,17.29
3290.99,153.26,16.84
3293.89,153.37,17.07
3298.62,153.58,18.02
3303.06,153.8,17.71
3307.5,154.02,17.19
3309.72,154.13,17.88
3312.35,154.26,19.01
3314.17,154.35,20.88
3318.61,154.57,20.02
3323.05,154.79,19.56
3327.49,155.01,19.61
3335.36,155.4,20.98
3339.19,155.59,20.99
3342.47,155.69,18.65
3347.42,155.81,19.8
3350.72,155.89,20.75
3359.38,156.1,22.17
3369.28,156.34,17.64
3375.46,156.49,19.19
3382.16,156.7,19.26
3387.55,156.95,19.67
3394.46,157.27,18.91
3397.27,157.4,19.89
3398.99,157.48,18.13
3403.74,157.7,17.77
3408.06,157.9,18.85
3411.94,158.08,19.19
3412.16,158.09,18.32
3413.45,158.15,17.84
3416.26,158.28,21.4
3416.48,158.29,18.29
3417.77,158.35,19.72
3420.58,158.48,19.07
3420.58,158.48,20.61
3421.87,158.54,19.76
3424.89,158.68,17.74
3424.89,158.68,19.87
3429.64,158.9,20.01
3433.53,159.08,20.3
3437.84,159.28,18.98
3444.75,159.6,20.34
3449.07,159.8,19.58
3453.38,160,20.32
3457.7,160.2,20.34
3462.02,160.4,20.05
3466.33,160.6,20.22
3470.65,160.8,20.89
3474.97,161,20.83